project,mode,instruction_coverage,branch_coverage,complexity_missed,complexity_total,lines_missed,lines_total,methods_missed,methods_total,status,details,loc,kloc
abuijze_bike-rental-demo,native+kex+evosuite,66.796,45.0,28,91,52,135,22,81,success,maven_returncode=0,381,0.381
AgMonk_merge-gf-assets,native+kex+evosuite,27.48,18.66,245,358,352,489,63,149,success,maven_returncode=0,765,0.765
akhunovaa_customer-service,native+kex+evosuite,,,,,,,,,no_jacoco_csv,maven_returncode=1,464,0.464
alexandreaquiles_dibujo,native+kex+evosuite,99.161,91.772,13,103,2,183,0,24,success,maven_returncode=0,278,0.278
alkemyTech_OT275-server,native+kex+evosuite,,,,,,,,,no_jacoco_csv,maven_returncode=1,7101,7.101
amigoscode_springboot-twilio,native+kex+evosuite,0.0,0.0,24,24,55,55,23,23,success,maven_returncode=0,160,0.16
anicetkeric_aws-cognito-spring-auth-server,native+kex+evosuite,61.687,40.984,102,312,128,344,24,190,success,maven_returncode=0,826,0.826
artmcoder_Buysell,native+kex+evosuite,100.0,0,0,4,0,5,0,4,success,maven_returncode=0,19,0.019
ashrawan_apache-poi-chart-sample,native+kex+evosuite,42.63,52.124,235,597,1121,1586,76,283,success,maven_returncode=0,2412,2.412
aws-samples_amazon-appflow-custom-jdbc-connector,native+kex+evosuite,15.965,3.604,92,125,374,445,24,56,success,maven_returncode=0,863,0.863
aws-samples_amazon-kinesis-data-analytics-flink-starter-kit,native+kex+evosuite,33.235,8.333,35,69,118,185,11,45,success,maven_returncode=0,340,0.34
awslabs_kinesis-kafka-connector,native+kex+evosuite,51.245,60.819,52,141,202,427,13,50,success,maven_returncode=0,774,0.774
basquiat78_interface-bbuljit,native+kex+evosuite,84.165,76.829,16,102,19,73,5,61,success,maven_returncode=0,257,0.257
bulinha_residencia-serratec-music-manager-api,native+kex+evosuite,36.223,29.412,144,382,393,796,86,314,success,maven_returncode=0,2131,2.131
bykowski_invoice-spring-mvc-example,native+kex+evosuite,87.006,0,3,22,7,50,3,22,success,maven_returncode=0,126,0.126
code-it-team_gotcha-be,native+kex+evosuite,73.87,31.169,97,448,142,544,38,371,success,maven_returncode=0,1610,1.61
cxzero_CVE-2022-42889-text4shell,native+kex+evosuite,91.026,50.0,2,11,1,22,0,9,success,maven_returncode=0,54,0.054
DevUpgrade-online_season-2,native+kex+evosuite,58.417,54.412,51,161,120,311,27,127,success,maven_returncode=0,877,0.877
dr-mod_tidy-flappy-bird,native+kex+evosuite,73.285,58.696,96,387,244,1008,15,247,success,maven_returncode=0,1741,1.741
eBay_digital-signature-verification-ebay-api,native+kex+evosuite,67.218,61.111,41,83,116,336,18,42,success,maven_returncode=0,620,0.62
eh3rrera_graphql-java-spring-boot-example,native+kex+evosuite,67.756,76.471,33,114,51,139,22,80,success,maven_returncode=0,381,0.381
ErgunAhmet_DataJpaYt,native+kex+evosuite,43.932,25.728,242,447,241,407,74,241,success,maven_returncode=0,1077,1.077
fatihhernn_spring-boot-ecommerce,native+kex+evosuite,91.432,82.727,13,117,0,53,2,62,success,maven_returncode=0,194,0.194
FENGYU-008_ERP,native+kex+evosuite,50.247,0.0,74,241,268,634,57,224,success,maven_returncode=0,1482,1.482
fireinrain_javbus-telegram-bot,native+kex+evosuite,32.676,23.597,483,864,2098,3110,159,464,success,maven_returncode=0,4340,4.34
folksdev_movie-api,native+kex+evosuite,43.951,33.333,89,189,212,371,75,171,success,maven_returncode=0,604,0.604
francoiducat_springboot-minimal-graphql-client,native+kex+evosuite,91.503,0,0,23,4,41,0,23,success,maven_returncode=0,94,0.094
gabrieldim_CSV-Export-Spring-Boot,native+kex+evosuite,51.333,100.0,3,17,12,42,3,16,success,maven_returncode=0,102,0.102
gabrieldim_Email-Sender-Spring-Boot,native+kex+evosuite,72.222,0,1,6,5,20,1,6,success,maven_returncode=0,47,0.047
gabrieldim_PDF-Generator-Spring-Boot,native+kex+evosuite,91.753,0,0,6,4,30,0,6,success,maven_returncode=0,62,0.062
gavinklfong_spring-investment-platform,native+kex+evosuite,73.707,31.86,168,451,4,148,3,236,success,maven_returncode=0,342,0.342
GCS-ZHN_movie-on-server,native+kex+evosuite,12.467,7.857,260,292,582,678,120,149,success,maven_returncode=0,1345,1.345
GSMgeeth_medium-coffeeshop-sample,native+kex+evosuite,53.633,20.0,34,87,77,208,21,72,success,maven_returncode=0,518,0.518
GuillaumeFalourd_java-training-api,native+kex+evosuite,61.654,37.5,10,28,15,44,4,20,success,maven_returncode=0,132,0.132
hamitmizrak_AllSpringBlogProject,native+kex+evosuite,42.477,21.429,111,215,106,194,49,138,success,maven_returncode=0,586,0.586
hamitmizrak_SpringMvcSpringDataSpringRest,native+kex+evosuite,34.139,14.885,226,437,458,612,107,306,success,maven_returncode=0,1425,1.425
hannotify_eleven-crazy-java-things,native+kex+evosuite,95.641,100.0,3,53,6,95,3,49,success,maven_returncode=0,249,0.249
hhimanshu_spring-boot-liquibase,native+kex+evosuite,100.0,0,0,17,0,31,0,17,success,maven_returncode=0,135,0.135
innoq_cookie-based-session-springboot-app,native+kex+evosuite,74.069,55.882,20,76,54,194,11,59,success,maven_returncode=0,431,0.431
itsecurityco_CVE-2022-22965,native+kex+evosuite,70.968,0,2,10,7,25,2,10,success,maven_returncode=0,54,0.054
ivanjakimovski_spring-boot-pdf-generator,native+kex+evosuite,91.837,0,0,6,4,30,0,6,success,maven_returncode=0,60,0.06
iwamih31_AccountBook,native+kex+evosuite,0.0,0.0,554,554,1615,1615,312,312,success,maven_returncode=0,2688,2.688
janlely_jparser,native+kex+evosuite,91.992,81.818,102,854,74,1096,41,609,success,maven_returncode=0,1901,1.901
jeonjeunghoon_Kculter,native+kex+evosuite,40.061,13.939,135,441,632,1369,62,358,success,maven_returncode=0,2771,2.771
jonashackt_spring-boot-buildpack,native+kex+evosuite,90.476,0,1,8,1,13,1,8,success,maven_returncode=0,41,0.041
jsalonl_interceptor-springboot,native+kex+evosuite,87.976,75.0,13,102,27,112,11,98,success,maven_returncode=0,314,0.314
juliengalet_reactor-flow,native+kex+evosuite,99.504,96.875,12,386,7,800,7,305,build_with_test_issues,maven_returncode=1,1956,1.956
kanajin_Aqua-docker,native+kex+evosuite,58.372,18.874,7287,17257,5782,12974,1059,9985,success,maven_returncode=0,27852,27.852
Katibat_java-filmorate,native+kex+evosuite,74.842,43.254,121,330,83,425,29,204,success,maven_returncode=0,1082,1.082
kiberohrannik_webflux-log,native+kex+evosuite,65.478,77.027,49,192,126,397,40,155,success,maven_returncode=0,1027,1.027
kousen_questjpa,native+kex+evosuite,96.05,98.333,8,145,9,216,7,115,success,maven_returncode=0,615,0.615
koushikkothagal_ipl-dashboard,native+kex+evosuite,41.233,0.0,27,108,91,214,22,103,success,maven_returncode=0,527,0.527
koushikkothagal_spring-boot-security,native+kex+evosuite,0.0,0,10,10,24,24,10,10,success,maven_returncode=0,61,0.061
kriscfoster_spring-boot-testing-pyramid,native+kex+evosuite,100.0,0,0,6,0,9,0,6,success,maven_returncode=0,33,0.033
kyungseo_project-web-starter,native+kex+evosuite,49.881,51.044,1146,2759,2811,5602,659,1835,success,maven_returncode=0,12472,12.472
liuhongdi_ratelimiter,native+kex+evosuite,10.297,0.0,45,54,118,134,41,50,success,maven_returncode=0,315,0.315
lyubenblagoev_postfix-rest-server,native+kex+evosuite,38.179,8.235,253,531,543,1106,172,446,success,maven_returncode=0,2770,2.77
maciejwalkowiak_paseq-maven-plugin,native+kex+evosuite,97.174,92.0,4,62,4,120,0,37,success,maven_returncode=0,246,0.246
mariamihai_spring-security-amigoscode-tutorial,native+kex+evosuite,57.828,0.0,19,73,82,191,17,71,success,maven_returncode=0,515,0.515
markbdsouza_hateoas-with-pagination,native+kex+evosuite,24.155,0.0,22,36,36,56,20,34,success,maven_returncode=0,207,0.207
martinachov_hexagonal-architecture-ddd-springboot,native+kex+evosuite,69.978,0.0,13,79,24,65,12,78,success,maven_returncode=0,237,0.237
max-jang_korea-music-chart-api,native+kex+evosuite,5.964,0.0,191,203,283,312,103,115,success,maven_returncode=0,594,0.594
meteergin_medium-java-streams,native+kex+evosuite,99.505,95.238,2,58,0,102,0,37,success,maven_returncode=0,144,0.144
micw_tibber-pulse-reader,native+kex+evosuite,85.63,71.745,84,372,199,866,22,190,success,maven_returncode=0,1727,1.727
MikeAScott_spring-todo-list,native+kex+evosuite,4.013,0.0,31,35,72,76,30,34,success,maven_returncode=0,193,0.193
milpol_gorilla4j,native+kex+evosuite,,,,,,,,,no_jacoco_csv,maven_returncode=1,501,0.501
mmarcosab_rabbitmq-example,native+kex+evosuite,45.455,0.0,5,17,16,32,3,15,success,maven_returncode=0,113,0.113
mohaghighi_Covid19-Web-Application,native+kex+evosuite,,,,,,,,,exception,Destino já existe: /home/suelenfelix/TCC/teste/evosuite/projects/mohaghighi_Covid19-Web-Application/src/test/java/kex-tests,610,0.61
Mozenn_spring-boot-hibernate-search,native+kex+evosuite,48.886,31.579,39,91,36,87,11,53,success,maven_returncode=0,260,0.26
MrGraversen_minecraft-rcon,native+kex+evosuite,88.281,78.899,31,433,117,1035,15,378,success,maven_returncode=0,2483,2.483
MSmirnov2407_Filmorate,native+kex+evosuite,41.427,18.182,106,194,304,558,63,150,success,maven_returncode=0,1256,1.256
NO-ob_LoliSnatcher,native+kex+evosuite,24.043,26.786,198,310,768,1087,56,130,success,maven_returncode=0,1770,1.77
olein_Java-AWS-RnD,native+kex+evosuite,61.47,0.0,13,47,50,125,11,45,success,maven_returncode=0,276,0.276
OmarAlHaj24_OnDriver,native+kex+evosuite,82.943,63.866,62,261,94,572,2,142,success,maven_returncode=0,1155,1.155
Online-Job-Portal-CG_Backend,native+kex+evosuite,48.809,21.429,164,582,448,1237,109,512,success,maven_returncode=0,3678,3.678
ozifirebrand_printHia,native+kex+evosuite,71.343,37.885,178,487,5,290,4,227,success,maven_returncode=0,724,0.724
paneladev_agenda-service,native+kex+evosuite,78.278,62.5,40,260,69,257,18,208,success,maven_returncode=0,800,0.8
ProgrammerZamanNow_belajar-jenkins-pipeline,native+kex+evosuite,89.503,89.516,31,246,35,224,21,184,success,maven_returncode=0,822,0.822
ProgrammerZamanNow_belajar-spring-dasar,native+kex+evosuite,88.635,88.71,30,246,37,224,20,184,success,maven_returncode=0,822,0.822
raffoulRicardo_movimento-qa-2023,native+kex+evosuite,78.799,60.714,21,84,6,43,3,42,success,maven_returncode=0,110,0.11
rahul26021999_QrCode-JavaSpringBoot,native+kex+evosuite,62.745,0,1,9,18,34,1,9,success,maven_returncode=0,79,0.079
RaisaRS_java-filmorate,native+kex+evosuite,29.655,14.583,66,165,237,406,45,141,success,maven_returncode=0,1144,1.144
raviyasas_sample-room,native+kex+evosuite,56.561,26.087,31,64,21,62,13,41,success,maven_returncode=0,186,0.186
reactive-learning-io_spring-boot-reactive-webclient,native+kex+evosuite,46.53,83.333,42,105,94,143,35,72,success,maven_returncode=0,342,0.342
rmondejar_spring-boot-junit5-example,native+kex+evosuite,70.359,33.871,62,197,39,124,14,135,success,maven_returncode=0,402,0.402
saiGou-14H_FaceSystem,native+kex+evosuite,0.0,0.0,1216,1216,1701,1701,647,647,success,maven_returncode=0,3815,3.815
sashinpivotal_spring-boot-tdd,native+kex+evosuite,95.984,96.875,2,37,2,61,1,21,success,maven_returncode=0,154,0.154
schauder_talk-beyond,native+kex+evosuite,78.248,0.0,11,41,27,96,10,40,success,maven_returncode=0,342,0.342
SelimHorri_elastic-boot,native+kex+evosuite,59.736,28.571,17,46,9,27,6,32,success,maven_returncode=0,131,0.131
SelimHorri_embedded-mongo-playing-with-spring-boot,native+kex+evosuite,50.512,26.471,39,91,43,64,12,57,success,maven_returncode=0,201,0.201
SelimHorri_hr-management-system,native+kex+evosuite,51.374,0.0,65,172,145,372,57,164,success,maven_returncode=0,1168,1.168
simplyi_NewSpringAuthorizationServer,native+kex+evosuite,84.571,0.0,3,18,7,54,2,17,success,maven_returncode=0,141,0.141
smartup-tech_Time-Tracker,native+kex+evosuite,54.951,32.409,1464,3403,1517,2997,366,1925,success,maven_returncode=0,7609,7.609
sofieneBK_Hands-on-ci-cd-for-springboot-apps,native+kex+evosuite,100.0,100.0,0,9,0,26,0,7,success,maven_returncode=0,55,0.055
souris-dev_samosac-jvm,native+kex+evosuite,33.067,19.4,1347,2266,3408,5055,544,1330,success,maven_returncode=0,2798,2.798
strategyengine_fsedistributionservice,native+kex+evosuite,42.459,21.696,1639,3104,2247,2918,320,1475,success,maven_returncode=0,6326,6.326
supaldubey_blog-server,native+kex+evosuite,,,,,,,,,no_jacoco_csv,maven_returncode=1,3512,3.512
syqu22_spring-boot-shop-sample,native+kex+evosuite,0.0,0.0,212,212,351,351,137,137,success,maven_returncode=0,935,0.935
SysObligatoriskOpgave22_BackendWebApp,native+kex+evosuite,99.446,62.0,19,113,0,135,0,88,success,maven_returncode=0,387,0.387
szerhusenBC_jwt-spring-security-demo,native+kex+evosuite,0.0,0.0,105,105,254,254,87,87,success,maven_returncode=0,685,0.685
ValentinaBuddha_java-filmorate,native+kex+evosuite,22.149,12.5,66,126,171,248,51,110,success,maven_returncode=0,849,0.849
Victor-Borisov_java-filmorate,native+kex+evosuite,66.977,27.869,153,389,103,332,55,267,success,maven_returncode=0,1008,1.008
wdrammeh_utg-student-dashboard,native+kex+evosuite,24.932,12.179,1866,2621,6721,8969,797,1482,success,maven_returncode=0,13380,13.38
WoMakersCode_bootcamp-java-starwars-restapi,native+kex+evosuite,40.0,0.0,12,37,50,101,9,34,success,maven_returncode=0,225,0.225
xxuzhengg_eastmoney,native+kex+evosuite,31.172,0.0,28,83,149,244,12,67,success,maven_returncode=0,545,0.545
yoandypv_todo-api,native+kex+evosuite,48.615,21.053,67,118,31,74,20,61,success,maven_returncode=0,225,0.225
Youngerjesus_refactoring-2nd-edition,native+kex+evosuite,89.853,73.333,66,692,80,1161,10,543,success,maven_returncode=0,2628,2.628
