id,Project Name,Number of dependencies with vulnerabilities (Before),Number of dependencies with vulnerabilities (After),Number of vulnerabilities (Before),Number of vulnerabilities (After),Low vulnerabilities (Before),Low vulnerabilities (After),Medium vulnerabilities (Before),Medium vulnerabilities (After),High vulnerabilities (Before),High vulnerabilities (After),Critical vulnerabilities (Before),Critical vulnerabilities (After),Build Tool,Tests,Project Type,Execution Time (s),Artifacts,Improved,javaVersion,countMajor,countMinor,countPatch,countPrerelease,countBuildmetadata,Repo URL
42,dhatim_dropwizard-jwt-cookie-authentication,5,5,15,15,3,3,11,11,1,1,0,0,maven,False,open source,255,72f25ec139539d2a8fb330f7daad74e92cc9cb69,no improvement,11.0,0,0,0,0,0,https://github.com/dhatim/dropwizard-jwt-cookie-authentication
11,ngageoint_geopackage-core-java,0,0,0,0,0,0,0,0,0,0,0,0,maven,False,open source,134,83ba47617d086f0a3b44929cd08171864fbb468e,no improvement,11.0,0,0,0,0,0,https://github.com/ngageoint/geopackage-core-java
36,nlpub_watset-java,0,0,0,0,0,0,0,0,0,0,0,0,maven,False,open source,115,0769fa7ab3f7cbeef9e18f95c356fc1aeebadfcd,no improvement,11.0,0,0,0,0,0,https://github.com/nlpub/watset-java
77,pac4j_dropwizard-pac4j,5,5,11,11,2,2,6,6,3,3,0,0,maven,False,open source,398,dc120c4a059f1d0a35d48daaab1109a644ef6ed8,no improvement,11.0,0,0,0,0,0,https://github.com/pac4j/dropwizard-pac4j
92,phip1611_docx4j-search-and-replace-util,1,0,1,0,0,0,1,0,0,0,0,0,maven,False,open source,207,190d3739bff06050ecddb3b7acf13999a813b533,improvement,11.0,0,0,0,0,0,https://github.com/phip1611/docx4j-search-and-replace-util
93,wdrammeh_utg-student-dashboard,2,2,48,14,5,2,30,9,10,2,3,1,maven,False,open source,599,4dc1e7c8bad4338943edc9a3eed04fed9f734b37,improvement,11.0,0,0,0,0,0,https://github.com/wdrammeh/utg-student-dashboard
111,axel3rd_mpg-coach-bot,5,2,9,6,1,1,7,4,1,1,0,0,maven,False,open source,126,91edd92025745296d46c2f6b03b5718f25f6f5dd,improvement,11.0,0,3,0,0,0,https://github.com/axel3rd/mpg-coach-bot
118,s1ck_gdl,0,0,0,0,0,0,0,0,0,0,0,0,maven,False,open source,94,0728c05284753c81a8c9bc6e03e57012779c5ef2,no improvement,11.0,0,0,0,0,0,https://github.com/s1ck/gdl
170,PGSSoft_HttpClientMock,0,0,0,0,0,0,0,0,0,0,0,0,maven,False,open source,72,7d0a27d9dff9470f1937595b2a9a5b0258729cd5,no improvement,11.0,0,0,0,0,0,https://github.com/PGSSoft/HttpClientMock
180,slack-samples_bolt-java-starter-template,4,1,7,1,1,0,5,1,1,0,0,0,maven,False,open source,213,623b2fe8a7a78b4e0b94f6bd67ac99a706b71d08,improvement,11.0,0,0,0,0,0,https://github.com/slack-samples/bolt-java-starter-template
174,eh3rrera_graphql-java-spring-boot-example,13,10,429,292,39,33,178,119,177,122,35,18,maven,False,open source,1705,6e03098cd329a705ffd9e62211216034cee2ae4d,improvement,11.0,0,0,0,0,0,https://github.com/eh3rrera/graphql-java-spring-boot-example
184,StefanoPenazzi_chameleonQuant,4,3,17,4,1,1,7,1,7,2,2,0,maven,False,open source,120,30d3820247963c5dbfbaa98d38e5d31cf74c3845,improvement,11.0,1,1,0,0,0,https://github.com/StefanoPenazzi/chameleonQuant
187,nscuro_bradamsa-ng,3,0,3,0,0,0,1,0,2,0,0,0,maven,False,open source,104,fa92e5a8a3fd740482480585f781dbd2b6727cad,improvement,11.0,0,2,0,0,0,https://github.com/nscuro/bradamsa-ng
192,mipo256_properties-maven-plugin,7,2,10,2,1,0,6,1,3,1,0,0,maven,False,open source,404,2ab2e8ebc17f3b39eafdd09d6c05f51221b1af17,improvement,11.0,0,1,5,0,0,https://github.com/mipo256/properties-maven-plugin
239,stickfigure_hattery,2,0,5,0,2,0,3,0,0,0,0,0,maven,False,open source,197,2a13e192443e9d8fe7a4dcd4c027797c7c571365,improvement,11.0,0,0,0,0,0,https://github.com/stickfigure/hattery
257,ofpay_logback-mdc-ttl,4,0,6,0,2,0,2,0,2,0,0,0,maven,False,open source,100,fb4a2ed76612317cf97b2aa748b4371ad4428193,improvement,11.0,0,0,0,0,0,https://github.com/ofpay/logback-mdc-ttl
263,oswaldobapvicjr_performetrics,0,0,0,0,0,0,0,0,0,0,0,0,maven,False,open source,132,6508c067cd7c846fed00e1b07cf35ffbf5dcd03e,no improvement,11.0,0,0,0,0,0,https://github.com/oswaldobapvicjr/performetrics
269,omnifaces_omniutils,0,0,0,0,0,0,0,0,0,0,0,0,maven,False,open source,155,6d1220490deb8df55d3aa7dfeda939d590475acd,no improvement,11.0,0,0,0,0,0,https://github.com/omnifaces/omniutils
270,Pradyuman7_Algorithmics,0,0,0,0,0,0,0,0,0,0,0,0,maven,False,open source,99,8eac23b76fb4b7ca50396fa1b7af2f1f4c81a31b,no improvement,11.0,0,0,0,0,0,https://github.com/Pradyuman7/Algorithmics
280,arxila_atomichash,1,0,1,0,0,0,1,0,0,0,0,0,maven,False,open source,100,de96f49c07ee4310d449676bd4c02036f46ff74b,improvement,11.0,0,0,0,0,0,https://github.com/arxila/atomichash
318,ASSERT-KTH_deptrim,10,4,50,33,4,3,16,9,17,11,13,10,maven,False,open source,232,15dd1c97d2b3f7a0f27541d13657116fb4da6b63,improvement,11.0,0,0,0,0,0,https://github.com/ASSERT-KTH/deptrim
334,htmfilho_digger,10,9,241,240,22,22,93,93,105,104,21,21,maven,False,open source,2808,9c92a4ba13671d17566e58a5c5b3f68e27e61360,improvement,11.0,0,0,0,0,0,https://github.com/htmfilho/digger
352,arieslab_jnose-core,0,0,0,0,0,0,0,0,0,0,0,0,maven,False,open source,96,e701f4fbde6eebab9d6fedd60a1f779dbb43340d,no improvement,11.0,0,0,0,0,0,https://github.com/arieslab/jnose-core
353,nuriofernandez_ReflectedEventHandler,0,0,0,0,0,0,0,0,0,0,0,0,maven,False,open source,100,5ea98a6527cd8d94e68a728310554a628c535b03,no improvement,11.0,0,0,0,0,0,https://github.com/nuriofernandez/ReflectedEventHandler
349,alkemyTech_OT275-server,12,11,293,205,21,18,100,84,141,91,31,12,maven,False,open source,3283,9247f789a305c173dd47719067630781241504ae,improvement,11.0,0,0,0,0,0,https://github.com/alkemyTech/OT275-server
37,Nylle_JavaFixture,1,0,1,0,0,0,0,0,1,0,0,0,maven,False,open source,123,883f6f3e2899f9096af34da2040fc20c20def060,improvement,11.0,0,0,1,0,0,https://github.com/Nylle/JavaFixture
179,jckleiner_notion-backup,11,1,57,2,4,1,28,1,25,0,0,0,maven,False,open source,331,26bc0aa2d0c21a561d30540d7f81e304495534b8,improvement,11.0,3,7,0,0,0,https://github.com/jckleiner/notion-backup
186,loyispa_jgc_exporter,1,0,4,0,2,0,2,0,0,0,0,0,maven,False,open source,173,1106a3c53ecd1702d1587c7d1a862534167b48c6,improvement,11.0,0,0,1,0,0,https://github.com/loyispa/jgc_exporter
189,azam_ulidj,0,0,0,0,0,0,0,0,0,0,0,0,maven,False,open source,160,0ef67e21bbeea5c4516c6346b236a2ed3d0be4b6,no improvement,11.0,0,0,0,0,0,https://github.com/azam/ulidj
9,janlely_jparser,1,0,1,0,0,0,1,0,0,0,0,0,maven,False,open source,120,4699f5c62adf11c143eb5a1ba1fd10cc25328981,improvement,11.0,0,1,0,0,0,https://github.com/janlely/jparser
166,Project-Books_books-api,10,5,299,108,23,10,125,43,122,45,29,10,maven,False,open source,951,1634e7766c27a99c5a5594a6ba9c856ea0eebaf5,improvement,11.0,0,0,0,0,0,https://github.com/Project-Books/books-api
169,ngageoint_simple-features-geojson-java,0,0,0,0,0,0,0,0,0,0,0,0,maven,False,open source,158,f0c7b96acf2ffbcc892d85379e17803e17d080ff,no improvement,11.0,0,0,0,0,0,https://github.com/ngageoint/simple-features-geojson-java
172,spannm_ucanaccess,1,0,1,0,0,0,0,0,1,0,0,0,maven,False,open source,249,6db0373a8209ecc5f635e8d963b80ad7e735fca5,improvement,11.0,0,0,0,0,0,https://github.com/spannm/ucanaccess
227,Coreoz_Windmill,4,0,13,0,2,0,6,0,5,0,0,0,maven,False,open source,120,dff3bc5f4b194c263f99eb9c8e8e45de7c94239f,improvement,11.0,0,0,0,0,0,https://github.com/Coreoz/Windmill
231,ngageoint_simple-features-wkb-java,0,0,0,0,0,0,0,0,0,0,0,0,maven,False,open source,140,48cb9746c757e8df9de62303dc7b4818254eb8a9,no improvement,11.0,0,0,0,0,0,https://github.com/ngageoint/simple-features-wkb-java
232,jzheng2017_resultset-mapper,0,0,0,0,0,0,0,0,0,0,0,0,maven,False,open source,135,f8a701f8f030c283551a0c0c2b4ec181739ac281,no improvement,11.0,0,0,0,0,0,https://github.com/jzheng2017/resultset-mapper
237,brenoepics_at4j,0,0,0,0,0,0,0,0,0,0,0,0,maven,False,open source,115,a85ecb251cfc2e5236bb147bb214ba0facd033d6,no improvement,11.0,0,0,0,0,0,https://github.com/brenoepics/at4j
241,sttp-book_code-examples,2,0,2,0,0,0,1,0,1,0,0,0,maven,False,open source,101,f31fb6331ae730ff762116023cd70a6acdce7274,improvement,11.0,0,0,0,0,0,https://github.com/sttp-book/code-examples
276,devslm_proguard-spring-boot-example,2,2,102,102,10,10,43,43,42,42,7,7,maven,False,open source,759,21bc711df095bcca61efae807149e499b0d1477f,no improvement,11.0,0,0,0,0,0,https://github.com/devslm/proguard-spring-boot-example
334,GuillaumeFalourd_java-training-api,7,7,209,209,20,20,95,95,81,81,13,13,maven,False,open source,1177,e26035fb70646a3ff5a6bf6496a3ccd7be3dd509,no improvement,11.0,0,0,0,0,0,https://github.com/GuillaumeFalourd/java-training-api
338,gurkanucar_spring-boot-webrtc-peer2peer,3,2,100,79,11,10,44,33,40,33,5,3,maven,False,open source,439,f04ff330b8e7bfdda5a285d139cefe95eaf2b849,improvement,11.0,0,0,0,0,0,https://github.com/gurkanucar/spring-boot-webrtc-peer2peer
342,camunda-community-hub_zeebe-worker-java-testutils,2,1,15,14,2,2,7,7,6,5,0,0,maven,False,open source,389,8f2a1f8fdcda6f05af707dc4d7ec084c7084b61e,improvement,11.0,0,0,0,0,0,https://github.com/camunda-community-hub/zeebe-worker-java-testutils
352,ath31st_s21_decimal_starter,2,0,2,0,0,0,2,0,0,0,0,0,maven,False,open source,88,6ff9a5f1a99e94f161f0828fb5640b6017354326,improvement,11.0,0,0,0,0,0,https://github.com/ath31st/s21_decimal_starter
15,albfernandez_juniversalchardet,0,0,0,0,0,0,0,0,0,0,0,0,maven,False,open source,138,4809df3772bb50bc0527af6ad7a6653d9ef196a8,no improvement,11.0,0,0,0,0,0,https://github.com/albfernandez/juniversalchardet
51,xabgesagtx_telegram-spring-boot-starter,3,3,66,27,8,3,26,12,30,11,2,1,maven,False,open source,536,7d1a773ccbe47883fde3a90a4fc1468dc91ccd2f,improvement,11.0,2,0,0,0,0,https://github.com/xabgesagtx/telegram-spring-boot-starter
57,praveensirvi1212_DevSecOps-project,2,1,104,1,10,0,44,0,43,1,7,0,maven,False,open source,130,cf8011475f91173a7bffa1a5c03ec7bf685116dc,improvement,11.0,2,0,0,0,0,https://github.com/praveensirvi1212/DevSecOps-project
66,commoncrawl_cc-webgraph,5,3,240,228,17,15,85,78,105,104,33,31,maven,False,open source,184,23a4aed91110b71623373970d65f798acdf01ade,improvement,11.0,0,1,2,0,0,https://github.com/commoncrawl/cc-webgraph
53,leanstacks_skeleton-ws-spring-boot,12,11,490,488,25,24,144,143,243,243,78,78,maven,False,open source,3111,0e76bb55a045e0c4784d71096a32d340bed20a71,improvement,11.0,1,0,0,0,0,https://github.com/leanstacks/skeleton-ws-spring-boot
76,SelimHorri_project-tracking-system-backend-app,15,14,465,153,36,31,182,65,198,50,49,7,maven,False,open source,1452,b236c3a96c9d2e7afc026a38c4f3572410112b62,improvement,11.0,6,4,0,0,0,https://github.com/SelimHorri/project-tracking-system-backend-app
133,Luncher91_A2LParser,0,0,0,0,0,0,0,0,0,0,0,0,maven,False,open source,95,55d0880e368f75bc683fd273a3e299d5e766e176,no improvement,11.0,0,0,0,0,0,https://github.com/Luncher91/A2LParser
221,analysys_presto-hbase-connector,13,7,357,91,22,13,87,43,174,31,74,4,maven,False,open source,3799,ea7d5c1c62b3f4d572e4edeaf4c8018d8018b999,improvement,11.0,1,2,0,0,0,https://github.com/analysys/presto-hbase-connector
228,52North_jackson-datatype-jts,1,0,1,0,0,0,0,0,1,0,0,0,maven,False,open source,202,b3d5a58916367456bb7d00b19827f53d51498022,improvement,11.0,0,0,1,0,0,https://github.com/52North/jackson-datatype-jts
261,moacirrf_netbeans-markdown,5,1,15,11,0,0,5,3,7,5,3,3,maven,False,open source,798,8760053805f913de08710f51dac1ac5a8c61d4b8,improvement,11.0,0,1,1,0,0,https://github.com/moacirrf/netbeans-markdown
267,botorabi_HomieCenter,7,7,309,309,24,24,156,156,111,111,18,18,maven,False,open source,1617,a8e70b5a6e1046f18656a9be139ef17d2839725f,no improvement,11.0,0,0,0,0,0,https://github.com/botorabi/HomieCenter
269,guohai163_java-sql-web,11,10,166,143,18,18,70,57,72,64,6,4,maven,False,open source,1205,296872c53eefce7a9a0cd32dccf5ab872735d5f2,improvement,11.0,2,0,2,0,0,https://github.com/guohai163/java-sql-web
277,awslabs_kinesis-kafka-connector,4,3,58,21,3,1,27,12,27,7,1,1,maven,False,open source,228,4b70584c74014fc645097a2fd1b9c8e336250d4e,improvement,11.0,1,2,1,0,0,https://github.com/awslabs/kinesis-kafka-connector
271,supaldubey_blog-server,12,12,201,201,10,10,102,102,82,82,7,7,maven,False,open source,7924,7474143d706c0752109d60c6e0235c1191222325,no improvement,11.0,0,0,0,0,0,https://github.com/supaldubey/blog-server
397,jeonjeunghoon_Kculter,11,10,430,205,20,15,101,67,222,101,87,22,maven,False,open source,678,2348d13cc976d4178fd2b070ca7d86c611ecd96a,improvement,11.0,3,1,1,0,0,https://github.com/jeonjeunghoon/Kculter
430,aehrc_fhir-owl,9,5,249,124,13,2,64,19,126,62,46,41,maven,False,open source,562,bf5851071ce877ab22f4830b71a3ee4c66ddd763,improvement,11.0,4,0,2,0,0,https://github.com/aehrc/fhir-owl
443,SelimHorri_hr-management-system,10,10,350,103,26,22,132,44,152,33,40,4,maven,False,open source,529,674b5dcf14ea2925b1451e37d7b6f945f724f613,improvement,11.0,8,1,0,0,0,https://github.com/SelimHorri/hr-management-system
447,cxzero_CVE-2022-42889-text4shell,3,2,81,79,10,10,34,33,33,33,4,3,maven,False,open source,436,18e0da21f2d96af151aa116e2f7900f860074353,improvement,11.0,0,0,0,0,0,https://github.com/cxzero/CVE-2022-42889-text4shell
459,c-guntur_jvms-compare,1,0,1,0,0,0,1,0,0,0,0,0,maven,False,open source,118,e91582f0d6144f73bf57b7056eaf52de2e00818a,improvement,11.0,1,0,0,0,0,https://github.com/c-guntur/jvms-compare
469,eideasy_eideasy-external-pades-digital-signatures,3,1,134,1,13,0,58,0,54,1,9,0,maven,False,open source,108,20d3e524665a96b6daef437b69c77161cf2554cb,improvement,11.0,3,0,0,0,0,https://github.com/eideasy/eideasy-external-pades-digital-signatures
476,mariamihai_spring-security-amigoscode-tutorial,5,5,215,145,16,12,77,61,105,59,17,13,maven,False,open source,722,a23eeb4c60e26d0d33e4f72fa1b85ef74b6bdcff,improvement,11.0,1,1,1,0,0,https://github.com/mariamihai/spring-security-amigoscode-tutorial
477,Arghh_binance-trade-tracker,10,6,228,31,22,8,100,9,87,11,19,3,maven,False,open source,377,2caf6eb107dcfd84c6f462eef34d1d2c048e28a6,improvement,11.0,6,2,0,0,0,https://github.com/Arghh/binance-trade-tracker
484,xxuzhengg_eastmoney,5,4,171,165,16,16,76,75,69,64,10,10,maven,False,open source,902,bc34744bd6b2cf8a6da69ce91bce2d2fb5190239,improvement,11.0,0,1,0,0,0,https://github.com/xxuzhengg/eastmoney
497,ProgrammerZamanNow_belajar-jenkins-pipeline,2,1,61,1,7,0,30,0,22,1,2,0,maven,False,open source,118,f80ad07324518d54358e5a5dc3872b553ecf224b,improvement,11.0,2,0,0,0,0,https://github.com/ProgrammerZamanNow/belajar-jenkins-pipeline
498,aws-samples_msk-config-providers,5,1,35,2,3,0,16,0,16,2,0,0,maven,False,open source,191,7bfc975c355ee474e71fa3ec2b091bfd50363e84,improvement,11.0,1,4,0,0,0,https://github.com/aws-samples/msk-config-providers
499,iwamih31_AccountBook,9,7,170,8,23,6,73,0,71,2,3,0,maven,False,open source,249,583257d018ddd1fd66a6bbd754ede1286a0ab9bc,improvement,11.0,7,1,0,0,0,https://github.com/iwamih31/AccountBook
509,sofieneBK_Hands-on-ci-cd-for-springboot-apps,3,3,113,113,10,10,50,50,46,46,7,7,maven,False,open source,560,93ca91ee344b9e945c2cffc69eca10dd44dd8083,no improvement,11.0,0,0,0,0,0,https://github.com/sofieneBK/Hands-on-ci-cd-for-springboot-apps
520,andrewkkchan_client-ledger-core-db,9,2,263,3,21,0,91,0,126,3,25,0,maven,False,open source,148,482e33ed3873361526d18102e51f1e73875b8440,improvement,11.0,7,1,0,0,0,https://github.com/andrewkkchan/client-ledger-core-db
533,As-12_Spring-boot-example-Send-Email-Template,8,7,165,158,17,17,78,74,61,59,9,8,maven,False,open source,860,bea9ec55f23aa30ba303c2b236d824cab753221a,improvement,11.0,1,0,1,0,0,https://github.com/As-12/Spring-boot-example-Send-Email-Template
554,anicetkeric_aws-cognito-spring-auth-server,4,3,137,98,13,9,58,41,58,41,8,7,maven,False,open source,582,cb8b86c5570949c16011d911ea0edb3849ac470f,improvement,11.0,1,0,1,0,0,https://github.com/anicetkeric/aws-cognito-spring-auth-server
567,max-jang_korea-music-chart-api,4,4,131,131,11,11,60,60,52,52,8,8,maven,False,open source,675,60aa4e21dc248c0a0c4e270c3cce2a8d6aa4f8d9,no improvement,11.0,0,0,0,0,0,https://github.com/max-jang/korea-music-chart-api
571,milpol_gorilla4j,1,0,1,0,0,0,0,0,1,0,0,0,maven,False,open source,76,2a5c21e6d9b0bd29f948b68a170bd9019af58bee,improvement,11.0,0,1,0,0,0,https://github.com/milpol/gorilla4j
579,alexandreaquiles_dibujo,1,0,1,0,0,0,0,0,1,0,0,0,maven,False,open source,88,8ee50a8a6fead8aec13f95c482bdb787f6dc1714,improvement,11.0,0,1,0,0,0,https://github.com/alexandreaquiles/dibujo
582,GCS-ZHN_movie-on-server,3,2,84,58,10,6,34,22,37,27,3,3,maven,False,open source,353,00d3c5a1c966234a5a2ffed4de30c06662c27d19,improvement,11.0,2,0,0,0,0,https://github.com/GCS-ZHN/movie-on-server
607,fireinrain_javbus-telegram-bot,8,2,21,5,3,1,8,2,10,2,0,0,maven,False,open source,225,ac2b7068b47fc9f29e7095e48c42705f8e888299,improvement,11.0,0,6,2,0,0,https://github.com/fireinrain/javbus-telegram-bot
609,koushikkothagal_ipl-dashboard,7,1,209,1,18,0,88,0,91,1,12,0,maven,False,open source,192,9f8ba217b4a6f9b88a3c22d8a19496677bbba4b5,improvement,11.0,6,1,0,0,0,https://github.com/koushikkothagal/ipl-dashboard
612,dmatik_oref-alerts-proxy-ms,5,4,121,104,12,10,52,44,49,43,8,7,maven,False,open source,770,8035d86838c1654583fcdbff15470d8d3c840520,improvement,11.0,1,0,0,0,0,https://github.com/dmatik/oref-alerts-proxy-ms
620,x-USantaTecla-project-ustUML_back-spring,11,5,386,29,27,3,142,17,174,7,43,2,maven,False,open source,374,16306d9300cd49a6c87b8315045db55592d4e359,improvement,11.0,9,2,0,0,0,https://github.com/x-USantaTecla-project-ustUML/back-spring
622,SnkSynthesis_voxel-game,1,1,2,2,0,0,2,2,0,0,0,0,maven,False,open source,500,22c7f152746626645549371ae8ebb16d2b17754c,no improvement,11.0,0,0,0,0,0,https://github.com/SnkSynthesis/voxel-game
623,code-it-team_gotcha-be,14,9,465,217,29,13,155,71,213,101,68,32,maven,False,open source,976,2fd964881a3012ecb99fa58b0406d3fddff17811,improvement,11.0,7,1,0,0,0,https://github.com/code-it-team/gotcha-be
624,coding-parrot_chess-engine,0,0,0,0,0,0,0,0,0,0,0,0,maven,False,open source,63,676266cccd1b06e4d7c7367fe83c281e7cee40ed,no improvement,11.0,0,0,0,0,0,https://github.com/coding-parrot/chess-engine
625,nishihatapalmer_TreeTable,0,0,0,0,0,0,0,0,0,0,0,0,maven,False,open source,83,bac388308f28f14cfebc85449c36fc4af0f05b76,no improvement,11.0,0,0,0,0,0,https://github.com/nishihatapalmer/TreeTable
629,gavinklfong_stream-api-exercises,5,1,150,1,14,0,64,0,61,1,11,0,maven,False,open source,148,ca14b6f438ac9d58911b635a26fc0591fa2ad8e8,improvement,11.0,5,0,0,0,0,https://github.com/gavinklfong/stream-api-exercises
635,DevUpgrade-online_season-2,8,3,196,3,17,2,84,0,79,1,16,0,maven,False,open source,204,2b3776697d382422a799da41b0abdfddb9dbd9e0,improvement,11.0,7,0,1,0,0,https://github.com/DevUpgrade-online/season-2
639,obrunodelgado_camelboilerplate,11,9,315,242,32,26,141,106,126,100,16,10,maven,False,open source,1907,9a8c066bcd70e416490e8ad8a941a27b0e3e820a,improvement,11.0,2,3,0,0,0,https://github.com/obrunodelgado/camelboilerplate
641,SirSkaro_pokeapi-reactor,6,1,150,1,12,0,75,0,57,1,6,0,maven,False,open source,135,d6d372b482e16963588ff6780519923e9b9dbd78,improvement,11.0,5,1,0,0,0,https://github.com/SirSkaro/pokeapi-reactor
653,BestSolution-at_mac-codesigner,3,0,58,0,3,0,21,0,32,0,2,0,maven,False,open source,152,3e0fe0c0c3376765befc41ea2e81beb455402b14,improvement,11.0,2,0,1,0,0,https://github.com/BestSolution-at/mac-codesigner
655,schauder_talk-beyond,5,3,95,57,10,6,44,28,36,21,5,2,maven,False,open source,568,d95ece4a850a08c5dd0e715a77374b4415ec805e,improvement,11.0,2,0,0,0,0,https://github.com/schauder/talk-beyond
657,NewbieOrange_SUSTech-SQL-Project2-Public,3,1,18,6,1,0,7,4,9,2,1,0,maven,False,open source,165,3065f4f6bcdff9ff4f811673f81aaa83502f4a5b,improvement,11.0,0,2,0,0,0,https://github.com/NewbieOrange/SUSTech-SQL-Project2-Public
658,birdiecare_connect-smts,3,3,10,8,1,1,5,3,4,4,0,0,maven,False,open source,151,6322f07cf77ca583056aa9ab621288e6e60ff582,improvement,11.0,0,2,0,0,0,https://github.com/birdiecare/connect-smts
660,Online-Job-Portal-CG_Backend,9,8,236,145,23,22,111,57,88,60,14,6,maven,False,open source,724,f8e7a3fedd9496d722921c9c37e458b416fae4c7,improvement,11.0,6,0,0,0,0,https://github.com/Online-Job-Portal-CG/Backend
662,juliengalet_reactor-flow,1,0,1,0,0,0,0,0,1,0,0,0,maven,False,open source,101,c1475604b3a2dc5cb365722880f409b95c6d28a2,improvement,11.0,0,1,0,0,0,https://github.com/juliengalet/reactor-flow
664,MichelliBrito_springboot-azure,3,1,126,1,11,0,59,0,49,1,7,0,maven,False,open source,110,5aa5266f2601936cf6707fea884a05f496c58d48,improvement,11.0,3,0,0,0,0,https://github.com/MichelliBrito/springboot-azure
666,gnu-gnu_spring-kafka-example,7,3,241,7,20,0,107,1,99,6,15,0,maven,False,open source,126,aa076e7db8d8975df76d08fc4d8f82a720b90f4c,improvement,11.0,7,0,0,0,0,https://github.com/gnu-gnu/spring-kafka-example
677,Ashish2030_Swagger_Static_Website,5,5,222,92,15,13,69,36,106,39,32,4,maven,False,open source,472,b88699c7b1a35aad5d3780528059e6fc985e2f6f,improvement,11.0,4,1,0,0,0,https://github.com/Ashish2030/Swagger_Static_Website
679,monodot_hello-java-spring-boot,2,1,104,1,10,0,44,0,43,1,7,0,maven,False,open source,94,865fbe04b9a9136bcf58f181b80e45cd64db2665,improvement,11.0,2,0,0,0,0,https://github.com/monodot/hello-java-spring-boot
685,SelimHorri_upload-download-files-over-http,3,1,118,1,11,0,50,0,49,1,8,0,maven,False,open source,115,8718fcac1f8feee470457a1379b2c8730e8abdaa,improvement,11.0,3,0,0,0,0,https://github.com/SelimHorri/upload-download-files-over-http
687,acenelio_aula-camadas,6,1,203,1,17,0,86,0,80,1,20,0,maven,False,open source,130,c874dbcdccca99f23367561c3f8f00f412863738,improvement,11.0,6,0,0,0,0,https://github.com/acenelio/aula-camadas
691,ivanjakimovski_spring-boot-pdf-generator,2,2,104,72,10,6,44,28,43,32,7,6,maven,False,open source,395,7011588f334175847a94d645ad0ba52cb2ed33c9,improvement,11.0,1,0,0,0,0,https://github.com/ivanjakimovski/spring-boot-pdf-generator
698,projectdiscovery_nuclei-burp-plugin,1,1,1,1,0,0,0,0,1,1,0,0,maven,False,open source,86,979753430e9b04463e3760583f664589bb6bb166,no improvement,11.0,0,0,0,0,0,https://github.com/projectdiscovery/nuclei-burp-plugin
710,getindata_flink-http-connector,12,9,89,28,7,0,46,10,36,18,0,0,maven,False,open source,299,bc340abe08c54a79f7153e554008b061724505dd,improvement,11.0,7,3,0,0,0,https://github.com/getindata/flink-http-connector
717,alexandermakeev_toy-language,1,0,1,0,0,0,1,0,0,0,0,0,maven,False,open source,81,a837d7ca132eaa9cf259aee262c9dd112cb79da8,improvement,11.0,0,1,0,0,0,https://github.com/alexandermakeev/toy-language
721,schambon_SimRunner,5,4,18,13,2,0,10,7,6,6,0,0,maven,False,open source,359,10daefcf9c57be6775ccc87a4aa782513e39a02a,improvement,11.0,0,2,0,0,0,https://github.com/schambon/SimRunner
733,JavaMoney_jakarta-money,1,0,1,0,0,0,1,0,0,0,0,0,maven,False,open source,100,2daa32c9fe57cac1d23ec3a7b2663394c3af9b5d,improvement,11.0,1,0,0,0,0,https://github.com/JavaMoney/jakarta-money
738,ozifirebrand_printHia,7,3,137,9,14,0,49,0,64,7,10,2,maven,False,open source,431,5db9ced25d63d2bde263bb359901179628ea3963,improvement,11.0,5,0,0,0,0,https://github.com/ozifirebrand/printHia
748,drasyl_netty-tun,0,0,0,0,0,0,0,0,0,0,0,0,maven,False,open source,74,7b7cff87936130eab5cd5d99e21f3321c2e36766,no improvement,11.0,0,0,0,0,0,https://github.com/drasyl/netty-tun
749,FlowingCode_GridHelpers,6,6,114,85,4,4,40,38,69,42,1,1,maven,False,open source,1450,816cf173cd60f552686b616f0194ac4bdf8fddcd,improvement,11.0,0,2,0,0,0,https://github.com/FlowingCode/GridHelpers
750,Le36_chip36,0,0,0,0,0,0,0,0,0,0,0,0,maven,False,open source,638,7bdda9e9e378430d1eced68e10636523c70316e0,no improvement,11.0,0,0,0,0,0,https://github.com/Le36/chip36
755,ZenWave360_json-schema-ref-parser-jvm,4,1,10,1,2,0,6,1,1,0,1,0,maven,False,open source,129,e36f545f6b67866aad6b66323601f315c49c06e0,improvement,11.0,0,4,0,0,0,https://github.com/ZenWave360/json-schema-ref-parser-jvm
764,Youngerjesus_refactoring-2nd-edition,2,1,61,1,7,0,30,0,22,1,2,0,maven,False,open source,121,5723cbf93dbb11e95df73a40c27512c0948e0e8a,improvement,11.0,2,0,0,0,0,https://github.com/Youngerjesus/refactoring-2nd-edition
771,ecovaci_winfoom,9,5,99,65,12,8,43,32,39,24,5,1,maven,False,open source,635,671c931f233ea9c60e0d538b2f5adcc1f0791958,improvement,11.0,1,4,0,0,0,https://github.com/ecovaci/winfoom
772,marhali_json5-java,0,0,0,0,0,0,0,0,0,0,0,0,maven,False,open source,92,d220224342fac20d9636fe37b6379afe2faef53e,no improvement,11.0,0,0,0,0,0,https://github.com/marhali/json5-java
776,yoandypv_todo-api,6,6,229,103,17,15,68,38,110,44,34,6,maven,False,open source,450,274053972ff59444f977a6d66555b7f0a8a0971f,improvement,11.0,4,1,0,0,0,https://github.com/yoandypv/todo-api
782,souris-dev_samosac-jvm,2,0,2,0,0,0,0,0,1,0,1,0,maven,False,open source,195,bd30b0e2989bcabdcdd16cedeee48546b96efa9f,improvement,11.0,0,2,4,0,0,https://github.com/souris-dev/samosac-jvm
788,zhao-rgb_daily-practice,20,6,370,151,25,15,134,69,168,58,43,9,maven,False,open source,1236,d7a35b035c72996b88465cd96db418357b4a1e6d,improvement,11.0,4,3,7,0,0,https://github.com/zhao-rgb/daily-practice
793,OmarAlHaj24_OnDriver,4,4,118,79,12,13,44,32,53,32,9,2,maven,False,open source,813,6d22afe7ad243ebf53449b694f7db5f6dd34cc69,improvement,11.0,0,1,3,0,0,https://github.com/OmarAlHaj24/OnDriver
799,strategyengine_fsedistributionservice,18,15,401,360,38,34,176,155,150,136,37,35,maven,False,open source,2490,6c505d4e6815a1893ff16c39247766cdd0ad2fb4,improvement,11.0,1,1,0,0,0,https://github.com/strategyengine/fsedistributionservice
802,spdx_spdx-to-osv,1,1,14,9,2,2,7,5,5,2,0,0,maven,False,open source,314,98c4b890712bef3a28c3fa77b4983d6f6a369151,improvement,11.0,0,0,1,0,0,https://github.com/spdx/spdx-to-osv
812,dream11_vertx-rest,15,13,96,82,14,13,60,52,22,17,0,0,maven,False,open source,1095,7bcd1cf1198476113ae7623bb502207f7fa71389,improvement,11.0,0,1,2,0,0,https://github.com/dream11/vertx-rest
814,microsoft_credential-secure-storage-for-java,0,0,0,0,0,0,0,0,0,0,0,0,maven,False,open source,117,2390f511abcde07d68a927b4b70d663c43fde3fd,no improvement,11.0,0,0,0,0,0,https://github.com/microsoft/credential-secure-storage-for-java
815,LuanPSantos_Clean-Architecture,2,1,102,1,10,0,43,0,42,1,7,0,maven,False,open source,106,9cae0e9ca3ad2a10c923c14c3aa1f987753c6a85,improvement,11.0,2,0,0,0,0,https://github.com/LuanPSantos/Clean-Architecture
819,spring2go_graphql_event_app,7,4,225,85,20,9,90,32,99,38,16,6,maven,False,open source,550,2f1df5dc100d15468766dd2ca02b0c0d0163243e,improvement,11.0,3,0,2,0,0,https://github.com/spring2go/graphql_event_app
820,piinalpin_springboot-jpa-specification,4,1,119,1,13,0,43,0,53,1,10,0,maven,False,open source,125,9aad8b89f8c3d1d3b1cc44a3582e26c858194870,improvement,11.0,4,0,0,0,0,https://github.com/piinalpin/springboot-jpa-specification
829,hannotify_eleven-crazy-java-things,1,0,1,0,0,0,0,0,1,0,0,0,maven,False,open source,71,df317204fbfc57b0e7198ce9d10eda7249247954,improvement,11.0,0,1,0,0,0,https://github.com/hannotify/eleven-crazy-java-things
833,kiberohrannik_webflux-log,4,3,143,70,18,11,61,26,58,32,6,1,maven,False,open source,535,257e23d1ef441874920d787904470271e99a4a6d,improvement,11.0,4,0,0,0,0,https://github.com/kiberohrannik/webflux-log
835,lydtechconsulting_kafka-streams,17,8,367,26,27,1,176,11,148,14,16,0,maven,False,open source,559,c88914bc868b40251d95e5869c14fe78a06ed6b8,improvement,11.0,11,4,0,0,0,https://github.com/lydtechconsulting/kafka-streams
854,aws-samples_amazon-appflow-custom-jdbc-connector,4,1,34,11,2,1,14,4,17,6,1,0,maven,False,open source,184,214944bbfc437f43676b97c5e71824d3c42a8e7c,improvement,11.0,0,1,0,0,0,https://github.com/aws-samples/amazon-appflow-custom-jdbc-connector
855,joseluisgs_SpringBoot-Productos-REST-DAM-2021-2022,9,6,237,117,19,12,81,45,112,43,25,17,maven,False,open source,994,e24812f89a327769055d8f73207d0578aa6a5acd,improvement,11.0,3,0,1,0,0,https://github.com/joseluisgs/SpringBoot-Productos-REST-DAM-2021-2022
856,CuteLuoBo_live-danmu-archive,7,1,42,15,2,2,13,6,25,7,2,0,maven,False,open source,169,3189480b9590a50360e751fa58d5fb55b036b767,improvement,11.0,0,3,3,0,0,https://github.com/CuteLuoBo/live-danmu-archive
862,Azure-Samples_java-docs-spring-hello-world,2,1,84,1,10,0,33,0,38,1,3,0,maven,False,open source,104,09629beece4cfb71f189c649951d927f717ac58e,improvement,11.0,2,0,0,0,0,https://github.com/Azure-Samples/java-docs-spring-hello-world
865,paneladev_agenda-service,12,10,288,135,26,22,120,55,116,50,26,8,maven,False,open source,848,faf956d56017b123162b3ac7ab9e79616ade6785,improvement,11.0,7,1,0,0,0,https://github.com/paneladev/agenda-service
869,hamitmizrak_InnovaMVC,7,2,188,2,20,0,70,0,86,2,12,0,maven,False,open source,133,daa03a08856db031331ea0fecb9bc5a72b1ad213,improvement,11.0,5,0,2,0,0,https://github.com/hamitmizrak/InnovaMVC
870,bertoxious_SpringBootJWT,6,6,231,231,16,16,68,68,111,111,36,36,maven,False,open source,718,7d54eab59d3c4bc4b7c0d0209b95f055d9c67e84,no improvement,11.0,0,0,0,0,0,https://github.com/bertoxious/SpringBootJWT
875,Xpectuer_miniJuliaSonar,4,0,7,0,1,0,3,0,3,0,0,0,maven,False,open source,109,26d3336c5510f6287bc7b2ee940e6a4330dc7419,improvement,11.0,1,2,0,0,0,https://github.com/Xpectuer/miniJuliaSonar
878,moacirrf_nb-java-decompiler,0,0,0,0,0,0,0,0,0,0,0,0,maven,False,open source,547,b11fea574b8e8abadb5044101554698360bf5ded,no improvement,11.0,0,0,0,0,0,https://github.com/moacirrf/nb-java-decompiler
882,kegisa_TinkoffStockService,5,4,156,132,11,11,66,56,68,57,11,8,maven,False,open source,596,e1ae2a9c1eb84f797627c1c3e95b3831348c5b1e,improvement,11.0,0,2,1,0,0,https://github.com/kegisa/TinkoffStockService
889,hamitmizrak_SpringMvcSpringDataSpringRest,11,4,297,66,27,4,114,27,130,27,26,8,maven,False,open source,424,d121a7ffb300f8875c9a2225e5134f51a708d298,improvement,11.0,8,1,1,0,0,https://github.com/hamitmizrak/SpringMvcSpringDataSpringRest
892,akhunovaa_customer-service,8,8,140,140,11,11,63,63,66,66,0,0,maven,False,open source,2892,dfc16df640b7bb2cf7aa59901e536524096ee51c,no improvement,11.0,0,0,0,0,0,https://github.com/akhunovaa/customer-service
899,gofabian_junit-fixture-extension,0,0,0,0,0,0,0,0,0,0,0,0,maven,False,open source,65,d138cef0a838cb36be225ce47b694dd0ae61274e,no improvement,11.0,0,0,0,0,0,https://github.com/gofabian/junit-fixture-extension
905,guilherj_tqi_evolution_backend_2021,4,3,123,91,13,9,47,35,53,40,10,7,maven,False,open source,492,e96af7f692f41951fb6dc9e15e5a1ee7d3f6cbfc,improvement,11.0,2,0,0,0,0,https://github.com/guilherj/tqi_evolution_backend_2021
911,puzpuzpuz_java-concurrency-samples,0,0,0,0,0,0,0,0,0,0,0,0,maven,False,open source,63,5bdfc514a859867e90ab36217f952a32835f94ea,no improvement,11.0,0,0,0,0,0,https://github.com/puzpuzpuz/java-concurrency-samples
914,kousen_questjpa,7,1,158,1,22,0,69,0,64,1,3,0,maven,False,open source,127,924349984a8ce6513728625ec6f9a4ace79520ba,improvement,11.0,6,1,0,0,0,https://github.com/kousen/questjpa
918,gavinklfong_spring-investment-platform,6,5,244,106,24,16,107,48,102,40,11,2,maven,False,open source,714,65e10735e48b67539e3afc1100c035497b955628,improvement,11.0,3,2,0,0,0,https://github.com/gavinklfong/spring-investment-platform
919,folksdev_movie-api,12,10,306,285,25,25,131,122,127,118,23,20,maven,False,open source,1712,55e3bdde35c24cafa6b4909c7533a3a88bc56847,improvement,11.0,0,3,0,0,0,https://github.com/folksdev/movie-api
923,Katibat_java-filmorate,6,3,132,106,16,13,54,43,58,47,4,3,maven,False,open source,786,9945c2a0d8d3e01583ec1e7d65a21768b476b546,improvement,11.0,1,1,1,0,0,https://github.com/Katibat/java-filmorate
926,SelimHorri_elastic-boot,4,1,181,1,15,0,90,0,67,1,9,0,maven,False,open source,122,f9c7b8f6ff6e147cbf8b3e16db7ecf99697ddb5e,improvement,11.0,4,0,0,0,0,https://github.com/SelimHorri/elastic-boot
930,feltex_feltex-excel-util,4,0,16,0,4,0,8,0,4,0,0,0,maven,False,open source,84,d76ab8eb373c86bae99eb51cda7050bbf7edb609,improvement,11.0,0,3,0,0,0,https://github.com/feltex/feltex-excel-util
936,IBM_ibm-ix-aem-sonarqube-plugin,4,1,4,1,0,0,3,1,1,0,0,0,maven,False,open source,220,8e34d93ae5ac9e67d4bfc028a55c5d31b6ae8cda,improvement,11.0,1,2,0,0,0,https://github.com/IBM/ibm-ix-aem-sonarqube-plugin
946,rocketseat-creators-program_spring-rest-pdf-endpoint-2021-10-12,7,7,185,150,17,13,85,67,70,59,13,11,maven,False,open source,930,06ee3c732b2d839a59bdd63a6a8473b6acd537e0,improvement,11.0,1,0,1,0,0,https://github.com/rocketseat-creators-program/spring-rest-pdf-endpoint-2021-10-12
953,SysObligatoriskOpgave22_BackendWebApp,7,6,173,155,15,15,65,62,80,68,13,10,maven,False,open source,797,cad8c28b043a203636c975b58557680a031f9aa6,improvement,11.0,0,2,1,0,0,https://github.com/SysObligatoriskOpgave22/BackendWebApp
958,hamitmizrak_Patika_SpringBoot_Docker,11,3,282,26,27,1,110,12,125,12,20,1,maven,False,open source,272,8799f46b6d23513cea43031a9573258175e7c133,improvement,11.0,9,1,1,0,0,https://github.com/hamitmizrak/Patika_SpringBoot_Docker
959,hamitmizrak_AllSpringBlogProject,14,9,414,294,29,22,141,95,188,132,56,45,maven,False,open source,1389,c3ea07418b3a3b5422deee610ce769137d0f25c2,improvement,11.0,6,1,1,0,0,https://github.com/hamitmizrak/AllSpringBlogProject
970,gabrieldim_CSV-Export-Spring-Boot,3,1,131,1,13,0,57,0,52,1,9,0,maven,False,open source,257,ad29168dcb92be54366638ab4f6642719df22182,improvement,11.0,3,0,0,0,0,https://github.com/gabrieldim/CSV-Export-Spring-Boot
971,iamprafful_rest-api-authentication-tutorial,8,5,223,133,18,12,75,50,107,56,23,15,maven,False,open source,638,353bfdff8ab467b8f1dc8f1eef3042f30a4c68b2,improvement,11.0,3,2,0,0,0,https://github.com/iamprafful/rest-api-authentication-tutorial
974,ProgrammerZamanNow_belajar-spring-dasar,2,1,61,1,7,0,30,0,22,1,2,0,maven,False,open source,106,a278b9e311682c77e604eafc3a1d33ebd7901511,improvement,11.0,2,0,0,0,0,https://github.com/ProgrammerZamanNow/belajar-spring-dasar
977,ErgunAhmet_DataJpaYt,5,2,143,13,14,1,61,7,57,4,11,1,maven,False,open source,281,e6730e947915d3708539a884fd101ee2b9d8cf95,improvement,11.0,4,0,0,0,0,https://github.com/ErgunAhmet/DataJpaYt
979,sayan-d99_Spring-Security-JWT-Authentication,7,5,202,9,17,4,79,0,83,3,23,2,maven,False,open source,213,a8cb0ca331e70642f37baef433de46bc54790f28,improvement,11.0,6,0,0,0,0,https://github.com/sayan-d99/Spring-Security-JWT-Authentication
981,marcobehlerjetbrains_maven-tutorial,0,0,0,0,0,0,0,0,0,0,0,0,maven,False,open source,68,78fb0447daf93543e972d1b8bdefda8f0baac419,no improvement,11.0,0,0,0,0,0,https://github.com/marcobehlerjetbrains/maven-tutorial
983,zevolution_netflix-hexagonal-architecture,17,10,497,264,37,25,205,115,213,110,42,14,maven,False,open source,1116,c518ea6fe12fdcbd4495a5ad6468e4dde5ce154e,improvement,11.0,7,2,1,0,0,https://github.com/zevolution/netflix-hexagonal-architecture
984,RameshMF_springboot-dto-tutorial,4,4,134,51,13,14,57,16,54,18,10,3,maven,False,open source,356,191abb1a4b18272ffe3f6fa97f4a988ba95ee6ca,improvement,11.0,3,0,0,0,0,https://github.com/RameshMF/springboot-dto-tutorial
989,rahul26021999_QrCode-JavaSpringBoot,4,4,145,16,14,5,63,4,58,7,10,0,maven,False,open source,263,4aa5b78aa1cebd0153613d0fb9035ad6110ffd17,improvement,11.0,4,0,0,0,0,https://github.com/rahul26021999/QrCode-JavaSpringBoot
990,dr-mod_tidy-flappy-bird,1,1,12,1,0,0,3,0,6,1,3,0,maven,False,open source,118,e3f99c6ddf6bd124c8859b719a5e797602cf59fe,improvement,11.0,0,1,0,0,0,https://github.com/dr-mod/tidy-flappy-bird
996,kanajin_Aqua-docker,11,5,213,139,22,16,87,55,85,56,19,12,maven,False,open source,1087,70305f2759e818288b27090ccfd935e59e114a4a,improvement,11.0,2,2,2,0,0,https://github.com/kanajin/Aqua-docker
999,dkambale_multi-tenant-microservice,5,1,165,1,17,0,68,0,69,1,11,0,maven,False,open source,170,82deaad38b3ec11c600173c604d7caf3adbb13cf,improvement,11.0,4,0,1,0,0,https://github.com/dkambale/multi-tenant-microservice
1000,artmcoder_Buysell,5,1,178,1,17,0,76,0,71,1,14,0,maven,False,open source,157,8dfa460ac58e98fcfc4e016aa64f0c5ee475ff51,improvement,11.0,5,0,0,0,0,https://github.com/artmcoder/Buysell
1002,educostadev_spring-websocket-message-broker,8,5,267,239,22,20,120,100,102,96,23,23,maven,False,open source,1127,1b285b693edb4f1e9fd3df406d00b78e20f9ddab,improvement,11.0,0,2,0,0,0,https://github.com/educostadev/spring-websocket-message-broker
1003,daglii_graylog-spring,3,2,107,3,12,1,44,1,44,1,7,0,maven,False,open source,123,6e2edf2f2045fe1b0eaeeaa365c949abebeea95d,improvement,11.0,3,0,0,0,0,https://github.com/daglii/graylog-spring
1005,liquidpie_lenses-java,0,0,0,0,0,0,0,0,0,0,0,0,maven,False,open source,67,bb05672c164ffe02d4eb03091a99dfcc3fd61e81,no improvement,11.0,0,0,0,0,0,https://github.com/liquidpie/lenses-java
1012,Kamilahsantos_Consumindo-api-rick-morty-com-webclient,2,2,90,59,8,4,41,26,36,25,5,4,maven,False,open source,432,dac55422a8f180fda1b31a3bc7c55c4cae0d8167,improvement,11.0,1,0,0,0,0,https://github.com/Kamilahsantos/Consumindo-api-rick-morty-com-webclient
1013,itsecurityco_CVE-2022-22965,3,1,113,1,13,0,41,0,51,1,8,0,maven,False,open source,123,1f2a33b76d011c1ebe5c86aba33baa1b72303eec,improvement,11.0,3,0,0,0,0,https://github.com/itsecurityco/CVE-2022-22965
1016,BrkSe_SpringBoot_Security_Tutorial,4,1,157,1,14,0,58,0,65,1,20,0,maven,False,open source,132,dec996494f0f08bc13bc3198906d92387e3ae1e2,improvement,11.0,4,0,0,0,0,https://github.com/BrkSe/SpringBoot_Security_Tutorial
1017,legacyfighter_dodatkowe-zadania-java,5,0,174,0,15,0,76,0,69,0,14,0,maven,False,open source,132,67c4660f1369b8751257f189bfbfd8dc49acaaa5,improvement,11.0,4,1,0,0,0,https://github.com/legacyfighter/dodatkowe-zadania-java
1018,WoMakersCode_bootcamp-java-starwars-restapi,8,7,186,133,14,15,80,47,74,60,18,11,maven,False,open source,545,b05ba82f49a53f437e8e527a19291075bdb1cd0f,improvement,11.0,3,2,0,0,0,https://github.com/WoMakersCode/bootcamp-java-starwars-restapi
1019,markbdsouza_hateoas-with-pagination,5,2,177,2,19,0,67,0,81,2,10,0,maven,False,open source,138,7e6d9e38a861ff3ee5e00a3b2753b847358434c8,improvement,11.0,5,0,0,0,0,https://github.com/markbdsouza/hateoas-with-pagination
1023,raviyasas_sample-room,7,0,190,0,18,0,81,0,77,0,14,0,maven,False,open source,155,6d36b3b614c2488f11fe5c6f99222bc2b9f1892f,improvement,11.0,6,1,0,0,0,https://github.com/raviyasas/sample-room
1024,cami-la_unit_testing_JUnit5,0,0,0,0,0,0,0,0,0,0,0,0,maven,False,open source,72,7a8090fcb876f57ef03508577c5c46dda57c9c04,no improvement,11.0,0,0,0,0,0,https://github.com/cami-la/unit_testing_JUnit5
1029,Mozenn_spring-boot-keycloak,6,5,267,141,23,12,115,55,106,58,23,16,maven,False,open source,847,55095e747959039052d3271038eaf60433fc4cf0,improvement,11.0,2,0,0,0,0,https://github.com/Mozenn/spring-boot-keycloak
1032,LinkedInLearning_spring-code-challenges-3161306,8,1,217,1,18,0,96,0,90,1,13,0,maven,False,open source,158,a54c60f69fbbb30526de4ea267984f905a1f6dfc,improvement,11.0,8,0,0,0,0,https://github.com/LinkedInLearning/spring-code-challenges-3161306
1034,Mozenn_spring-boot-hibernate-search,5,4,147,115,16,12,57,45,63,50,11,8,maven,False,open source,656,b5ef4ddb677e1201bbd894515f877d9b6bf98b27,improvement,11.0,2,0,0,0,0,https://github.com/Mozenn/spring-boot-hibernate-search
1037,simplyi_NewSpringAuthorizationServer,5,2,188,32,15,1,69,11,79,15,25,5,maven,False,open source,313,2f6ff02e0f0436660ecfb7d7c25276cbf2a35ef3,improvement,11.0,4,0,0,0,0,https://github.com/simplyi/NewSpringAuthorizationServer
122,sethm_symon,1,0,2,0,1,0,1,0,0,0,0,0,maven,False,open source,94,47c87aac56465d076b7d32c3a2686624273d8e6a,improvement,11.0,0,0,1,0,0,https://github.com/sethm/symon
17,bykowski_invoice-spring-mvc-example,4,1,130,1,14,0,50,0,57,1,9,0,maven,False,open source,143,6fb9ba76aaf829d0010061279b5d25fffcdda366,improvement,11.0,4,0,0,0,0,https://github.com/bykowski/invoice-spring-mvc-example
18,mmarcosab_rabbitmq-example,6,2,213,2,18,0,96,0,86,2,13,0,maven,False,open source,155,acad57737405db8809f4e90a60aa5ba32a0e4d27,improvement,11.0,6,0,0,0,0,https://github.com/mmarcosab/rabbitmq-example
28,meteergin_medium-java-streams,2,1,61,1,7,0,30,0,22,1,2,0,maven,False,open source,118,9a04a0e792d644bbde0ffa0e78d08ebe423521fd,improvement,11.0,2,0,0,0,0,https://github.com/meteergin/medium-java-streams
41,PraveenGNair_springboot-drools-demo,7,5,122,111,12,12,53,48,52,46,5,5,maven,False,open source,823,7cecb6437a7ef8bdc876b17f35154324b6301ae6,improvement,11.0,2,1,0,0,0,https://github.com/PraveenGNair/springboot-drools-demo
42,isuru89_springboot-patch-operations,7,5,212,207,14,14,57,56,108,106,33,31,maven,False,open source,982,9209895fc8a588fb3ed7e9705493caaf2f573d64,improvement,11.0,1,1,0,0,0,https://github.com/isuru89/springboot-patch-operations
47,88250_symphony,8,4,85,31,5,2,52,16,25,11,3,2,maven,False,open source,295,cfa6162f265f47d0fcaca8b524d85e4767b17b9f,improvement,11.0,2,0,1,0,0,https://github.com/88250/symphony
26,hamitmizrak_Ecodation_JavaFullStack1_tutorials,14,9,414,227,29,22,141,89,188,90,56,26,maven,False,open source,1569,76c6bf97bfd57b3adfe52bfa9faa4845f2d9ad50,improvement,11.0,6,2,1,0,0,https://github.com/hamitmizrak/Ecodation_JavaFullStack1_tutorials
45,BilgehanYildiz_SpringBootDemo,5,3,162,98,16,9,71,41,64,41,11,7,maven,False,open source,620,ec2c634e3564605828c3301f7b2f604c3a282be2,improvement,11.0,3,0,0,0,0,https://github.com/BilgehanYildiz/SpringBootDemo
51,openapi-json-schema-tools_openapi-json-schema-generator,17,4,80,6,10,3,33,2,35,1,2,0,maven,False,open source,1058,9006de722f74b7ca917e4e5d38e4cd6ab5ea6e78,improvement,11.0,2,9,5,0,0,https://github.com/openapi-json-schema-tools/openapi-json-schema-generator
60,szerhusenBC_jwt-spring-security-demo,8,8,315,315,17,17,89,89,164,164,45,45,maven,False,open source,1908,dcf718c67c0d403f78ee390c23715c3f5e6f5f4c,no improvement,11.0,0,0,0,0,0,https://github.com/szerhusenBC/jwt-spring-security-demo
144,digitalpetri_strict-machine,0,0,0,0,0,0,0,0,0,0,0,0,maven,False,open source,95,9490e6fe0666d2f15fd7a6135b1462dc9b20aa23,no improvement,11.0,0,0,0,0,0,https://github.com/digitalpetri/strict-machine
157,NeilMadden_salty-coffee,1,0,1,0,0,0,0,0,1,0,0,0,maven,False,open source,72,2a5b07f493e9d5d7e9bd65ce3ec86cab0822de6c,improvement,11.0,0,1,0,0,0,https://github.com/NeilMadden/salty-coffee
180,NO-ob_LoliSnatcher,1,0,1,0,0,0,0,0,1,0,0,0,maven,False,open source,933,0f8bf2559fbc8d258b9b2d8e001114fe6d0450bd,improvement,11.0,0,1,0,0,0,https://github.com/NO-ob/LoliSnatcher
205,iainporter_spring-file-poller,3,3,67,60,8,8,29,26,27,24,3,2,maven,False,open source,749,ca1ba76f545316e4cfff8c8b6ed1cab814952ba9,improvement,11.0,0,0,1,0,0,https://github.com/iainporter/spring-file-poller
223,dhatim_dropwizard-prometheus,2,1,5,4,1,1,3,3,1,0,0,0,maven,False,open source,166,a674a1696a67186823a464383484809738665282,improvement,11.0,0,0,1,0,0,https://github.com/dhatim/dropwizard-prometheus
248,codeworth-gh_PanelMatic,0,0,0,0,0,0,0,0,0,0,0,0,maven,False,open source,88,e23cfcbfc899ebc2d3c0bc994948cc315b87f24d,no improvement,11.0,0,0,0,0,0,https://github.com/codeworth-gh/PanelMatic
300,bslota_optimistic-api,4,1,143,1,12,0,61,0,60,1,10,0,maven,False,open source,142,a7ac177c76f1a4d3a2d6adcb3b357458a419a8cb,improvement,11.0,4,0,0,0,0,https://github.com/bslota/optimistic-api
321,TomCools_dropwizard-websocket-jsr356-bundle,5,5,41,23,11,6,21,12,9,5,0,0,maven,False,open source,263,a32cef77625099d7ed9acf862d5eb1654ecc04cb,improvement,11.0,1,0,1,0,0,https://github.com/TomCools/dropwizard-websocket-jsr356-bundle
325,cfrasinaru_Graph4J,0,0,0,0,0,0,0,0,0,0,0,0,maven,False,open source,98,f2a4accd0a5fb9d7e7f9ec2d17d98c0836dbdba7,no improvement,11.0,0,0,0,0,0,https://github.com/cfrasinaru/Graph4J
345,cloudblue_xml-doclet,0,0,0,0,0,0,0,0,0,0,0,0,maven,False,open source,79,0972354c40176ab30aa8f5c9c1867c5fbac8d861,no improvement,11.0,0,0,0,0,0,https://github.com/cloudblue/xml-doclet
387,MrGraversen_minecraft-rcon,5,0,7,0,1,0,4,0,1,0,1,0,maven,False,open source,98,651eee4ff135b81b021108f418d5dc21f094adf2,improvement,11.0,0,2,1,0,0,https://github.com/MrGraversen/minecraft-rcon
402,amigoscode_spring-boot-security-course,2,1,114,1,9,0,49,0,49,1,7,0,maven,False,open source,103,c4ab0d60d65aee0a91573beaa8098fba4b06d5d5,improvement,11.0,2,0,0,0,0,https://github.com/amigoscode/spring-boot-security-course
409,saiGou-14H_FaceSystem,18,9,434,214,36,24,181,93,180,88,37,9,maven,False,open source,1086,90bc976b14f2a4148e95308fe59d9502311ffe0e,improvement,11.0,1,0,4,0,0,https://github.com/saiGou-14H/FaceSystem
416,Todense_OmniGraph,6,3,8,5,2,2,2,2,4,1,0,0,maven,False,open source,2587,743bcedc6535e0e6e2ed5358fe0efb8faca5f632,improvement,11.0,0,0,2,0,0,https://github.com/Todense/OmniGraph
419,aws-samples_amazon-kinesis-data-analytics-flink-starter-kit,6,6,132,124,1,1,25,22,86,81,20,20,maven,False,open source,2153,2fe493f747c73aa7dbe2fe99740f16684327d5bd,improvement,11.0,0,1,0,0,0,https://github.com/aws-samples/amazon-kinesis-data-analytics-flink-starter-kit
449,mohaghighi_Covid19-Web-Application,6,2,176,31,14,1,77,12,72,15,13,3,maven,False,open source,121,f0ef13ddbac3de2edc900658c0f7bf07c76d30fe,improvement,11.0,5,0,0,0,0,https://github.com/mohaghighi/Covid19-Web-Application
450,micw_tibber-pulse-reader,5,2,30,22,3,3,18,11,9,8,0,0,maven,False,open source,342,73247a11586f93787294ce33b35a11f305f17a36,improvement,11.0,0,1,1,0,0,https://github.com/micw/tibber-pulse-reader
456,abuijze_bike-rental-demo,9,4,244,60,24,6,104,25,107,25,9,4,maven,False,open source,620,b1881597de73293ac079281682e7a2d8fd9bf7df,improvement,11.0,4,2,0,0,0,https://github.com/abuijze/bike-rental-demo
468,spullara_interviewcode,3,0,8,0,0,0,3,0,5,0,0,0,maven,False,open source,106,b62ed363c83d2197d2e2e7889f7147a74dda44ba,improvement,11.0,0,3,0,0,0,https://github.com/spullara/interviewcode
474,codingspecialist_Springboot-JPA-Blog,10,5,185,37,24,5,77,13,75,16,9,3,maven,False,open source,658,05e9ba257d908f7b09f518a46b251e4d390f63e3,improvement,11.0,6,0,1,0,0,https://github.com/codingspecialist/Springboot-JPA-Blog
478,vikash-kumar01_demo-counter-app,2,1,86,1,10,0,33,0,40,1,3,0,maven,False,open source,107,d0502a806255de968d9e81eee495de2b6f25dad2,improvement,11.0,2,0,0,0,0,https://github.com/vikash-kumar01/demo-counter-app
477,nejckorasa_s3-stream-unzip,5,2,70,61,5,1,12,8,35,34,18,18,maven,False,open source,545,b305fe4bf8cdf6787279dcf3bec4a45212f88e2f,improvement,11.0,0,2,1,0,0,https://github.com/nejckorasa/s3-stream-unzip
501,jaggerwang_spring-boot-in-practice,14,11,305,233,26,19,135,106,116,91,28,17,maven,False,open source,1267,00c033afea65837f3f5785dfc019281138387bb1,improvement,11.0,5,0,0,0,0,https://github.com/jaggerwang/spring-boot-in-practice
517,leosam1024_tvbox-mv,3,2,32,10,5,3,19,7,8,0,0,0,maven,False,open source,140,758ac48627644d3191f9992d30ae94a762afac80,improvement,11.0,2,1,0,0,0,https://github.com/leosam1024/tvbox-mv
521,lyubenblagoev_postfix-rest-server,10,8,267,259,20,20,90,84,118,116,39,39,maven,False,open source,1238,d40fba57277a2f3e0cce691a0b3c070496815c88,improvement,11.0,0,1,0,0,0,https://github.com/lyubenblagoev/postfix-rest-server
565,filip26_titanium-json-ld,1,0,24,0,5,0,10,0,9,0,0,0,maven,False,open source,125,183d798e50fa1957f7567f1622db9996bf03ce5f,improvement,11.0,1,0,0,0,0,https://github.com/filip26/titanium-json-ld
580,rayokota_kafka-connect-jsonata,2,2,5,3,0,0,3,1,2,2,0,0,maven,False,open source,128,daae4cfd6ba891ffcd11480404f000316e432eec,improvement,11.0,0,1,1,0,0,https://github.com/rayokota/kafka-connect-jsonata
606,bulinha_residencia-serratec-music-manager-api,10,10,260,222,22,22,91,65,119,108,28,27,maven,False,open source,1068,6fc89deed9bbe874f1b87bb8909bc1df361fc151,improvement,11.0,5,0,0,0,0,https://github.com/bulinha/residencia-serratec-music-manager-api
614,ValentinaBuddha_java-filmorate,5,3,121,99,16,13,53,43,49,40,3,3,maven,False,open source,569,63a64ad2aaff5c2208b632a528bb197c8b09b400,improvement,11.0,1,1,0,0,0,https://github.com/ValentinaBuddha/java-filmorate
617,professorisidro_isilive_listamercado_back,6,2,117,2,14,0,47,0,53,2,3,0,maven,False,open source,127,fd80095f1a1ea0d93917a984ace9f082b953f62e,improvement,11.0,4,1,1,0,0,https://github.com/professorisidro/isilive_listamercado_back
620,gabrieldim_PDF-Generator-Spring-Boot,2,2,102,102,10,10,43,43,42,42,7,7,maven,False,open source,571,6155696414aa1f95e1c0e81a2452adb47036e42e,no improvement,11.0,0,0,0,0,0,https://github.com/gabrieldim/PDF-Generator-Spring-Boot
636,JordiHOFC_Estudos-Desafio-PicPay-BackEnd,9,9,331,331,22,22,125,125,147,147,37,37,maven,False,open source,1260,7dd314695c2ad715dfa9566087b9bf09a1989931,no improvement,11.0,0,0,0,0,0,https://github.com/JordiHOFC/Estudos-Desafio-PicPay-BackEnd
643,gabrieldim_Email-Sender-Spring-Boot,3,1,130,1,13,0,57,0,52,1,8,0,maven,False,open source,125,c838c67abd09b80ae1baed9cc02286701efcacc2,improvement,11.0,3,0,0,0,0,https://github.com/gabrieldim/Email-Sender-Spring-Boot
647,koushikkothagal_spring-boot-security,3,1,194,1,12,0,61,0,97,1,24,0,maven,False,open source,108,3ae9cfb938287dbadcbfb50864e18fd98c3a5d6e,improvement,11.0,3,0,0,0,0,https://github.com/koushikkothagal/spring-boot-security
655,eBay_digital-signature-verification-ebay-api,7,4,94,67,10,6,43,31,38,27,3,3,maven,False,open source,355,9f1cf48e78f59cf001425905455d7a39aca8b8ac,improvement,11.0,2,1,1,0,0,https://github.com/eBay/digital-signature-verification-ebay-api
666,AgMonk_merge-gf-assets,3,2,70,46,8,7,31,21,29,18,2,0,maven,False,open source,444,46a42938e2110a68bf60a53ee341d3497592cfab,improvement,11.0,0,0,1,0,0,https://github.com/AgMonk/merge-gf-assets
672,iwamih31_ActualResults,12,10,235,11,29,8,104,0,99,3,3,0,maven,False,open source,377,559681af4b3c8b97fac6e2025a749a3a51e24896,improvement,11.0,9,1,0,0,0,https://github.com/iwamih31/ActualResults
684,MSmirnov2407_Filmorate,6,6,122,122,16,16,54,54,49,49,3,3,maven,False,open source,921,2573d3b279446bea0f4cd1f7ce520ddc5c337231,no improvement,11.0,0,0,0,0,0,https://github.com/MSmirnov2407/Filmorate
703,strimzi_kafka-env-var-config-provider,1,1,8,2,0,0,4,0,4,2,0,0,maven,False,open source,109,a89b9c42a7928d0760de8b41ff786a5ced364447,improvement,11.0,0,1,0,0,0,https://github.com/strimzi/kafka-env-var-config-provider
707,Cyebukayire_springboot-Backend,4,1,134,1,13,0,57,0,54,1,10,0,maven,False,open source,123,0230d18b2871c89b10d5ab3ee673487cdd554659,improvement,11.0,4,0,0,0,0,https://github.com/Cyebukayire/springboot-Backend
708,FENGYU-008_ERP,7,6,178,34,20,8,75,12,77,14,6,0,maven,False,open source,443,2615f7f5e1ef1c2d2a4db25103553db454b75f08,improvement,11.0,4,0,1,0,0,https://github.com/FENGYU-008/ERP
710,Snowflake-Labs_Snowflake-HL7V2-Parsing,2,0,9,0,0,0,1,0,8,0,0,0,maven,False,open source,131,80e1b657f524d2c15af2c3d5ed89659a57cf1854,improvement,11.0,0,2,0,0,0,https://github.com/Snowflake-Labs/Snowflake-HL7V2-Parsing
711,SelimHorri_perform-manual-tests,5,1,149,1,14,0,64,0,60,1,11,0,maven,False,open source,125,afeed6f4ae5b7d44877c18216a991e8977415017,improvement,11.0,5,0,0,0,0,https://github.com/SelimHorri/perform-manual-tests
727,mikhaeltatischev_java-filmorate,5,3,121,75,16,9,53,32,49,31,3,3,maven,False,open source,583,922cdf4db3f09b6641bf94aecacf100e58a2551c,improvement,11.0,2,1,0,0,0,https://github.com/mikhaeltatischev/java-filmorate
729,RaisaRS_java-filmorate,6,2,117,75,16,10,49,31,50,32,2,2,maven,False,open source,400,de35d4b128b482a95a9271a8bb563c5b702205c1,improvement,11.0,2,2,0,0,0,https://github.com/RaisaRS/java-filmorate
736,SilvanoGPM_spring-boot-jwt-boilerplate,13,13,348,327,25,24,124,119,165,152,34,32,maven,False,open source,1383,2d10d070b784205f21d0cac2803124c8ee8ee1eb,improvement,11.0,0,3,0,0,0,https://github.com/SilvanoGPM/spring-boot-jwt-boilerplate
753,Victor-Borisov_java-filmorate,6,1,146,1,19,0,63,0,61,1,3,0,maven,False,open source,129,8c54407c29330dee4a67d413aebfd9f37940f4f4,improvement,11.0,5,1,0,0,0,https://github.com/Victor-Borisov/java-filmorate
761,ctkqiang_boss_zhipin_pachong,5,3,112,4,18,3,48,0,44,1,2,0,maven,False,open source,187,5d5dcbc8ce61f69e558858c308c493f79acdd0bd,improvement,11.0,5,0,0,0,0,https://github.com/ctkqiang/boss_zhipin_pachong
764,basquiat78_interface-bbuljit,2,2,82,82,10,10,33,33,36,36,3,3,maven,False,open source,423,ea25bb9543eae1f16d9da04575e1cf1b52a776e6,no improvement,11.0,0,0,0,0,0,https://github.com/basquiat78/interface-bbuljit
797,pursecookie_java-filmorate,5,5,116,116,16,16,49,49,49,49,2,2,maven,False,open source,626,2a9f6ff312fdda2ba494b53dba291232c2b56fa2,no improvement,11.0,0,0,0,0,0,https://github.com/pursecookie/java-filmorate
814,aws-samples_apache-flink-near-online-data-enrichment-patterns,11,6,88,77,3,2,23,15,43,41,19,19,maven,False,open source,351,00bb71b8f1f24186a8ecd677109fb87454263d7f,improvement,11.0,3,3,1,0,0,https://github.com/aws-samples/apache-flink-near-online-data-enrichment-patterns
838,devsuperior_aulao005,4,1,133,1,12,0,59,0,53,1,9,0,maven,False,open source,113,16787b8d6104ed218a17d9195fbed931e6c497e0,improvement,11.0,4,0,0,0,0,https://github.com/devsuperior/aulao005
855,alek-sys_spring-functional-microframework,3,1,273,1,13,0,79,0,145,1,36,0,maven,False,open source,113,ebb57d997a762258b65d14459e4d6b84119d5b3a,improvement,11.0,3,0,0,0,0,https://github.com/alek-sys/spring-functional-microframework
875,IdeaUJetBrains_idea-demo-devcontainers,2,1,60,1,7,0,31,0,20,1,2,0,maven,False,open source,92,0f86a0f90a18010274118aca42d116103f9fc462,improvement,11.0,2,0,0,0,0,https://github.com/IdeaUJetBrains/idea-demo-devcontainers
876,martinachov_hexagonal-architecture-ddd-springboot,6,6,124,58,16,17,54,20,50,19,4,2,maven,False,open source,458,1f0910c9f946b716b7c4c8abb925d28436f79aed,improvement,11.0,4,0,0,0,0,https://github.com/martinachov/hexagonal-architecture-ddd-springboot
905,kymotz_mdkiller,0,0,0,0,0,0,0,0,0,0,0,0,maven,False,open source,69,9ca1bca64e115051c28f0c115482df8131eab451,no improvement,11.0,0,0,0,0,0,https://github.com/kymotz/mdkiller
919,ddezoysa_keycloak-springboot-microservice,6,4,309,167,21,13,138,71,126,71,24,12,maven,False,open source,795,cdd14fb7a46263e3551ba73a2303c7d74e174661,improvement,11.0,2,0,0,0,0,https://github.com/ddezoysa/keycloak-springboot-microservice
924,raviyasas_springboot-gcs-demo,8,7,177,175,21,21,71,70,78,77,7,7,maven,False,open source,999,225606faa720f2b036d16d96316db62d9f8d0b67,improvement,11.0,0,0,0,0,0,https://github.com/raviyasas/springboot-gcs-demo
952,rodrigorahman_spring-boot-com-mysql,5,2,223,2,17,0,98,0,95,2,13,0,maven,False,open source,122,a87a6bddd29c2c247c2b2f450ee284c67fe52c3d,improvement,11.0,4,0,1,0,0,https://github.com/rodrigorahman/spring-boot-com-mysql
961,innoq_cookie-based-session-springboot-app,5,1,183,1,16,0,82,0,71,1,14,0,maven,False,open source,109,91cd6b4649467206c692e73d7bf3caecca5e5d58,improvement,11.0,5,0,0,0,0,https://github.com/innoq/cookie-based-session-springboot-app
963,lenve_generate_code,5,4,143,102,14,9,62,42,59,44,8,7,maven,False,open source,556,4e57072b23d98df7ff3dda4d147fdef50936dfa9,improvement,11.0,1,0,1,0,0,https://github.com/lenve/generate_code
966,kriscfoster_spring-boot-testing-pyramid,2,1,100,1,9,0,44,0,41,1,6,0,maven,False,open source,92,84ff13a5f20c2a3d2ceaaa6040a8a4c6707e0f3e,improvement,11.0,2,0,0,0,0,https://github.com/kriscfoster/spring-boot-testing-pyramid
1012,jreijn_demo-micrometer-prometheus-grafana,3,1,141,1,13,0,60,0,59,1,9,0,maven,False,open source,111,60f2b699c045971733d0aa2a38b62d1d5918d4bd,improvement,11.0,3,0,0,0,0,https://github.com/jreijn/demo-micrometer-prometheus-grafana
1023,jsantos-examples_flexpag-desafio-backend,5,1,112,1,14,0,46,0,49,1,3,0,maven,False,open source,122,a9d8f26a30420865ea7800044b139910753411ff,improvement,11.0,4,1,0,0,0,https://github.com/jsantos-examples/flexpag-desafio-backend
1027,MikeAScott_spring-todo-list,7,2,204,2,17,0,87,0,87,2,13,0,maven,False,open source,137,99aa8126424923901f3104bdc561b24a241f299f,improvement,11.0,6,0,1,0,0,https://github.com/MikeAScott/spring-todo-list
1056,ilxqx_spring-security-leaning-demo,8,5,222,176,23,18,93,74,93,74,13,10,maven,False,open source,676,d64f5e1b6fdaf08079342c7c928810691b9e9410,improvement,11.0,0,3,1,0,0,https://github.com/ilxqx/spring-security-leaning-demo
1061,amigoscode_springboot-twilio,3,2,221,159,10,9,52,46,125,85,34,19,maven,False,open source,727,2e57cac243d89513ad1670e996a7bf7cd61152f9,improvement,11.0,1,0,0,0,0,https://github.com/amigoscode/springboot-twilio
1070,rmondejar_spring-boot-junit5-example,6,6,151,80,17,18,66,31,63,29,5,2,maven,False,open source,433,5a8b41d252f128070046ed78da91b9626183391c,improvement,11.0,4,1,0,0,0,https://github.com/rmondejar/spring-boot-junit5-example
1087,kyungseo_project-web-starter,39,28,694,486,58,45,271,192,303,212,62,37,maven,False,open source,2569,5bd174e1e3a0572e773e5a28a1a22b98d50fd7d6,improvement,11.0,9,7,2,0,0,https://github.com/kyungseo/project-web-starter
1097,sfmohassel_spring-boot-mongodb-docker-compose-starter,5,1,177,1,16,0,80,0,70,1,11,0,maven,False,open source,124,20d38d2a4b65a5c41fc78d15a180f1148abc4d63,improvement,11.0,4,1,0,0,0,https://github.com/sfmohassel/spring-boot-mongodb-docker-compose-starter
1099,jochenchrist_spring-boot-access-logs-demo,4,4,169,81,13,8,53,33,86,35,17,5,maven,False,open source,652,23ecd7ac4fe9eb10be0abdbbe33b0de0df369e46,improvement,11.0,1,0,0,0,0,https://github.com/jochenchrist/spring-boot-access-logs-demo
101,oldfr_authentication-server,4,4,142,117,16,16,52,52,72,47,2,2,maven,False,open source,601,5389a12c5134cf017594b3051c7db9313c195c56,improvement,11.0,0,1,0,0,0,https://github.com/oldfr/authentication-server
124,devsuperior_aula-20210511,4,0,136,0,13,0,58,0,55,0,10,0,maven,False,open source,145,46e9749de15a0b7881d3858f19620fd8e262604c,improvement,11.0,4,0,0,0,0,https://github.com/devsuperior/aula-20210511
141,TechPrimers_ratelimiter-example,4,4,123,123,14,14,60,60,48,48,1,1,maven,False,open source,607,318d87e4998d462eebad19e8acf1cab530245eaf,no improvement,11.0,0,0,0,0,0,https://github.com/TechPrimers/ratelimiter-example
142,mohamedYoussfi_kafka-spring-cloud-stream,8,8,242,242,24,24,101,101,108,108,9,9,maven,False,open source,753,1252417ad1370f53255a9f29e3af562ae8e6dbdf,no improvement,11.0,0,0,0,0,0,https://github.com/mohamedYoussfi/kafka-spring-cloud-stream
153,ashrawan_apache-poi-chart-sample,4,2,64,50,7,7,27,22,28,20,2,1,maven,False,open source,722,91ab300e227c2322184985ebe77db1ab5ef96370,improvement,11.0,0,3,0,0,0,https://github.com/ashrawan/apache-poi-chart-sample
162,xiangfangsong_Java_springboot_demo,5,4,148,83,13,10,63,30,63,39,9,4,maven,False,open source,631,151f5c64b8e5e8e935d13868c9b06ea23cd7dc3a,improvement,11.0,2,0,0,0,0,https://github.com/xiangfangsong/Java_springboot_demo
164,SelimHorri_embedded-mongo-playing-with-spring-boot,5,4,154,21,15,6,66,7,63,8,10,0,maven,False,open source,361,07a8dadeabbe03e5bd165aef16480fdf0929324e,improvement,11.0,5,0,0,0,0,https://github.com/SelimHorri/embedded-mongo-playing-with-spring-boot
171,creativityFactory_SwiftServe,0,0,0,0,0,0,0,0,0,0,0,0,maven,False,open source,62,6e8a4bc7f0db2b9a9b4c3e25e136fcc5c4568507,no improvement,11.0,0,0,0,0,0,https://github.com/creativityFactory/SwiftServe
167,awslabs_real-time-vectorization-of-streaming-data,15,6,80,24,4,0,46,11,30,13,0,0,maven,False,open source,1737,195b1e57ead7dbe8f32b1498a5030b31355052e6,improvement,11.0,2,10,1,0,0,https://github.com/awslabs/real-time-vectorization-of-streaming-data
170,jsalonl_interceptor-springboot,4,4,115,111,13,13,49,48,48,46,5,4,maven,False,open source,708,ca197f6aa22c128bbdcba6257a86a5ed99913057,improvement,11.0,0,1,0,0,0,https://github.com/jsalonl/interceptor-springboot
198,GSMgeeth_medium-coffeeshop-sample,5,5,139,137,15,15,55,55,59,57,10,10,maven,False,open source,981,07861f456182e3319843cda51946973dbfffd306,improvement,11.0,0,1,0,0,0,https://github.com/GSMgeeth/medium-coffeeshop-sample
248,yoandypv_spring-boot-rabbit-mq,4,0,125,0,15,0,51,0,55,0,4,0,maven,False,open source,120,20197ae9d4d521e4ba15a49cd3f5486d84c84a1b,improvement,11.0,4,0,0,0,0,https://github.com/yoandypv/spring-boot-rabbit-mq
273,KarthikKavinA_fabric-idemix-identity-demo,19,9,138,46,16,4,71,29,49,13,2,0,maven,False,open source,590,c063755af0bec4292850280a31e3aca48d8ef045,improvement,11.0,2,4,4,0,0,https://github.com/KarthikKavinA/fabric-idemix-identity-demo
283,oldfr_first_microservice,4,2,139,29,20,6,61,14,56,9,2,0,maven,False,open source,261,da1c354a6b4e1cbc3e0d6a6b793bb18dbc0b7c1a,improvement,11.0,3,0,0,0,0,https://github.com/oldfr/first_microservice
284,oldfr_second_microservice,4,4,139,139,20,20,61,61,56,56,2,2,maven,False,open source,454,1420d66da2c31f694ce71432a26f9ae190aae8e6,no improvement,11.0,0,0,0,0,0,https://github.com/oldfr/second_microservice
310,francoiducat_springboot-minimal-graphql-client,4,0,180,0,16,0,76,0,76,0,12,0,maven,False,open source,124,7be8026e3771e00b4c093e8541b23bfe1b7f6825,improvement,11.0,4,0,0,0,0,https://github.com/francoiducat/springboot-minimal-graphql-client
320,oldfr_eureka_service_registry,2,2,96,96,13,13,42,42,39,39,2,2,maven,False,open source,299,ad92461ac623c63c90fa93702fdf4f984429c7ce,no improvement,11.0,0,0,0,0,0,https://github.com/oldfr/eureka_service_registry
336,Cdiscount_solr-autocomplete,2,2,129,36,14,1,56,19,47,15,12,1,maven,False,open source,415,78f05dcb21c8db71d77dad9b3ee5f4092005e623,improvement,11.0,1,0,1,0,0,https://github.com/Cdiscount/solr-autocomplete
343,Jivkomg_dto-validation-demo,5,0,110,0,18,0,46,0,44,0,2,0,maven,False,open source,123,c8b42a051b01029a9e587c5f7394eb063e6d54c4,improvement,11.0,4,1,0,0,0,https://github.com/Jivkomg/dto-validation-demo
341,smartup-tech_Time-Tracker,10,8,210,82,25,21,93,35,80,22,12,4,maven,False,open source,624,212b7a8118f70ac044210996e1a7fe27a8396735,improvement,11.0,7,0,0,0,0,https://github.com/smartup-tech/Time-Tracker
344,momir96_Web-Shop-Moxilla,13,7,399,63,34,6,176,23,153,22,36,12,maven,False,open source,692,1f2b81b3ac34c50a7126655fb5e5e4ba772e45e1,improvement,11.0,9,1,1,1,0,https://github.com/momir96/Web-Shop-Moxilla
22,CanalStephanieSantos_Api-de-Aposta,5,4,146,122,17,14,54,44,64,54,11,10,maven,False,open source,1129,da4714d498967836200b9e8485a52a2ebfeac262,improvement,11.0,1,0,0,0,0,https://github.com/CanalStephanieSantos/Api-de-Aposta
32,FIAP_POSTECH_SOAT_DevOps_Desafio_Disciplina,3,3,116,116,11,11,51,51,47,47,7,7,maven,False,open source,980,7091194aa2de3ba8fe1a9b5ab1af4062733cf399,no improvement,11.0,0,0,0,0,0,https://github.com/FIAP/POSTECH_SOAT_DevOps_Desafio_Disciplina
36,HackyleShawe_RemoteLogViewer,7,5,263,210,26,21,117,92,103,83,17,14,maven,False,open source,1514,981712d935593a154d9d57cabc82dbb858cee9d0,improvement,11.0,2,0,1,0,0,https://github.com/HackyleShawe/RemoteLogViewer
34,Floppir_auth,8,8,242,235,19,19,78,75,115,111,30,30,maven,False,open source,2312,4856c8dd47ed9debd12a92041a49de078a763f71,improvement,11.0,0,0,1,0,0,https://github.com/Floppir/auth
58,Mozenn_spring-boot-rest-api-with-pagination-and-sorting,4,3,132,101,14,10,53,39,55,43,10,9,maven,False,open source,57553,7d6dd72620ec0b5cc027eeaa95a403dfb8e22ca2,improvement,11.0,1,0,0,0,0,https://github.com/Mozenn/spring-boot-rest-api-with-pagination-and-sorting
71,RTBHOUSE_kafka-workers,10,6,108,37,6,0,39,16,49,18,14,3,maven,False,open source,355,d65e3425fdfad975e41b2ea2afb88a91aa7aaa33,improvement,11.0,4,3,0,0,0,https://github.com/RTBHOUSE/kafka-workers
122,arothuis_antlr4-calculator,0,0,0,0,0,0,0,0,0,0,0,0,maven,False,open source,86,d7b6405b8736627ef7395479e8f96b1f63b14613,no improvement,11.0,0,0,0,0,0,https://github.com/arothuis/antlr4-calculator
136,bhlangonijr_chesslib,1,0,1,0,0,0,1,0,0,0,0,0,maven,False,open source,92,a2e6d6acfbc40018b666406a9b5fd0770e5e2af2,improvement,11.0,0,1,0,0,0,https://github.com/bhlangonijr/chesslib
121,arjungautam1_AWS_Image_Upload,4,2,212,159,11,10,57,46,115,84,29,19,maven,False,open source,1257,cdc82375471494f89c2c5c2fedb945b1782f6ed4,improvement,11.0,0,0,1,0,0,https://github.com/arjungautam1/AWS_Image_Upload
160,digitalinnovationone_lab-padroes-projeto-spring,6,6,225,207,18,18,99,92,92,84,16,13,maven,False,open source,1270,230350d0eb6ef22b9014f01e02e683e607804468,improvement,11.0,0,1,0,0,0,https://github.com/digitalinnovationone/lab-padroes-projeto-spring
168,dustinschultz_todo-app,5,4,191,156,16,12,80,63,82,69,13,12,maven,False,open source,1112,8612f9376d1202d6d49c4eee4fbb44e2b158b8d7,improvement,11.0,1,0,0,0,0,https://github.com/dustinschultz/todo-app
197,hhimanshu_spring-boot-liquibase,5,1,144,5,15,3,63,2,56,0,10,0,maven,False,open source,123,7edcf62c7b0fdf29c48e4927136dab98cf51f90a,improvement,11.0,5,0,0,0,0,https://github.com/hhimanshu/spring-boot-liquibase
205,imduchy_cloud-workshop,5,1,145,5,15,3,61,2,58,0,11,0,maven,False,open source,184,79edc5e481a4197443e83a2c0ca284e6f5fc121e,improvement,11.0,4,1,0,0,0,https://github.com/imduchy/cloud-workshop
220,jonashackt_spring-boot-buildpack,2,1,61,1,8,0,27,0,25,1,1,0,maven,False,open source,108,b6ae8f276d9fc6695b53299ebf44898c85fb4765,improvement,11.0,2,0,0,0,0,https://github.com/jonashackt/spring-boot-buildpack
252,maciejwalkowiak_paseq-maven-plugin,7,1,22,1,2,0,11,0,7,1,2,0,maven,False,open source,175,9cd0293f3a82b88fc025d6fa18715063d3776422,improvement,11.0,0,7,0,0,0,https://github.com/maciejwalkowiak/paseq-maven-plugin
241,liuhongdi_ratelimiter,8,7,261,250,18,18,91,86,121,116,31,30,maven,False,open source,4149,7efa3c85e233cc70600fd82953423734f0f4788b,improvement,11.0,0,2,0,0,0,https://github.com/liuhongdi/ratelimiter
278,nipafx_effective-java,2,0,3,0,1,0,1,0,1,0,0,0,maven,False,open source,133,3eed46bf28bce3c25c9b20b731dd932344275dd2,improvement,11.0,0,1,0,0,0,https://github.com/nipafx/effective-java
283,olein_Java-AWS-RnD,3,3,111,58,15,17,45,18,47,21,4,2,maven,False,open source,546,7140b9328317bb5e22ec5fcfed32d6cb6932674a,improvement,11.0,3,0,0,0,0,https://github.com/olein/Java-AWS-RnD
307,raffoulRicardo_movimento-qa-2023,5,1,127,5,15,3,47,2,59,0,6,0,maven,False,open source,150,70508b62689e7ddf2fe8534ab34fc20c1b520d8b,improvement,11.0,5,0,0,0,0,https://github.com/raffoulRicardo/movimento-qa-2023
315,rieckpil_hands-on-mocking-with-mockito,0,0,0,0,0,0,0,0,0,0,0,0,maven,False,open source,68,1f069c734a9234b70f680245421513250456eb0c,no improvement,11.0,0,0,0,0,0,https://github.com/rieckpil/hands-on-mocking-with-mockito
324,sashinpivotal_spring-boot-tdd,5,1,172,5,16,3,76,2,69,0,11,0,maven,False,open source,205,d232502be4ad6537e876298917865e1611abc57b,improvement,11.0,5,0,0,0,0,https://github.com/sashinpivotal/spring-boot-tdd
329,shabbirdwd53_springboot-mongodb,5,5,130,102,16,16,58,39,51,43,5,4,maven,False,open source,704,0ef54271f57f85cbdd62cd99a1e741f83d4fab1d,improvement,11.0,3,0,0,0,0,https://github.com/shabbirdwd53/springboot-mongodb
336,smadil997_spring-netty-socketio-seed,5,2,196,6,16,3,65,2,89,1,26,0,maven,False,open source,141,9d4eb38820af5820ec78e5b4097c4d46b7084dd3,improvement,11.0,5,0,0,0,0,https://github.com/smadil997/spring-netty-socketio-seed
349,tuomount_Open-Realms-of-Stars,0,0,0,0,0,0,0,0,0,0,0,0,maven,False,open source,187,339859bbfbcbeb75eb5c9b5dbbc3820c94fc9890,no improvement,11.0,0,0,0,0,0,https://github.com/tuomount/Open-Realms-of-Stars
344,syqu22_spring-boot-shop-sample,13,10,403,71,34,9,178,23,155,27,36,12,maven,False,open source,783,7ce26d711e9fcff80bad07b6bfa7ba6fd2aac532,improvement,11.0,9,1,1,1,0,https://github.com/syqu22/spring-boot-shop-sample
13,qoomon_maven-git-versioning-extension,5,1,6,2,0,0,3,1,3,1,0,0,maven,False,open source,125,c6e4cfa885a26ba551e55901d08cc76dd634b9f0,improvement,11.0,0,0,4,0,0,https://github.com/qoomon/maven-git-versioning-extension
23,Hack23_sonar-cloudformation-plugin,3,1,4,2,0,0,1,0,3,2,0,0,maven,False,open source,352,a13d02acd5d180aeb8ac86f20aa911598219230b,improvement,11.0,0,2,0,0,0,https://github.com/Hack23/sonar-cloudformation-plugin
67,lukehutch_pikaparser,0,0,0,0,0,0,0,0,0,0,0,0,maven,False,open source,58,7e8772f306b9e8fed93b14f61441fe1261ed8818,no improvement,11.0,0,0,0,0,0,https://github.com/lukehutch/pikaparser
87,bonigarcia_webdrivermanager-examples,4,1,15,8,4,2,8,4,3,2,0,0,maven,False,open source,139,b91facafd0841453ac49df1d07e531faf149030b,improvement,11.0,0,2,2,0,0,https://github.com/bonigarcia/webdrivermanager-examples
95,sonar-auth-oidc_sonar-auth-oidc,2,0,3,0,0,0,2,0,1,0,0,0,maven,False,open source,72,614a361fce13f5fa262955ee9652642260827ae8,improvement,11.0,0,2,0,0,0,https://github.com/sonar-auth-oidc/sonar-auth-oidc
200,dhaneeshtb_scaleguard,8,1,77,51,3,0,19,3,36,29,19,19,maven,False,open source,202,795378b508c2a9de96dcdc21b860fd3014e38a62,improvement,11.0,0,3,3,0,0,https://github.com/dhaneeshtb/scaleguard
278,fatihhernn_spring-boot-ecommerce,4,2,148,7,14,3,66,2,60,2,8,0,maven,False,open source,97,6fad5f5ed343f7611e356f1be7a51dfcacc12ba5,improvement,11.0,3,0,1,0,0,https://github.com/fatihhernn/spring-boot-ecommerce
263,cami-la_spring-security-full-course-amigoscode,6,4,205,145,18,13,78,61,95,58,14,13,maven,False,open source,751,eead076c5b47eeb1fefc7cfc4a33feb7d5543a52,improvement,11.0,1,1,0,0,0,https://github.com/cami-la/spring-security-full-course-amigoscode
12,zowe_zowe-client-java-sdk,3,3,11,10,0,0,4,3,6,6,1,1,maven,False,open source,166,64592bf305b34d18d3bd7778ca2f4cf5c07b5825,improvement,11.0,0,1,0,0,0,https://github.com/zowe/zowe-client-java-sdk
15,nikoo28_java-solutions,0,0,0,0,0,0,0,0,0,0,0,0,maven,False,open source,72,a7f282d36a96a486af2259f5fd15deb96b00667a,no improvement,11.0,0,0,1,0,0,https://github.com/nikoo28/java-solutions
90,liuhongdi_apiversion,2,1,105,5,10,3,45,2,44,0,6,0,maven,False,open source,103,fe9756269e6df5c44d87d1d099cef7fdbb373ba3,improvement,11.0,2,0,0,0,0,https://github.com/liuhongdi/apiversion
117,reactive-learning-io_spring-boot-reactive-webclient,4,1,106,59,9,4,47,26,44,25,6,4,maven,False,open source,1507,3bb256676973b81a13371ab10def2d915e4d99c0,improvement,11.0,2,0,0,0,0,https://github.com/reactive-learning-io/spring-boot-reactive-webclient
127,stratospheric-dev_cdk-constructs,1,0,1,0,0,0,0,0,1,0,0,0,maven,False,open source,333,9e0c41ac966f16e5317f0c4b20ad6868c53fea45,improvement,11.0,0,0,1,0,0,https://github.com/stratospheric-dev/cdk-constructs
68,e92Edvin_payment-gateway,4,1,149,5,15,3,64,2,61,0,9,0,maven,False,open source,136,62728b274bb06d7b214fd50cd25b089ecc05d982,improvement,11.0,4,0,0,0,0,https://github.com/e92Edvin/payment-gateway
